Rk,Player,Pos,Age,Tm,G,GS,MP,FG,FGA,FG%,3P,3PA,3P%,2P,2PA,2P%,FT,FTA,FT%,ORB,DRB,TRB,AST,STL,BLK,TOV,PF,PTS
1,Steven Adams\adamsst01,C,26,OKC,54,54,1455,6.2,10.4,.592,0.0,0.1,.333,6.2,10.4,.594,2.5,4.2,.607,4.6,8.0,12.6,3.3,1.1,1.5,2.0,2.6,14.9
2,Bam Adebayo\adebaba01,PF,22,MIA,59,59,2031,6.5,11.4,.571,0.0,0.2,.077,6.5,11.2,.582,3.9,5.6,.689,2.7,8.3,11.0,5.3,1.3,1.3,2.9,2.6,16.9
3,LaMarcus Aldridge\aldrila01,C,34,SAS,52,52,1717,8.0,16.1,.495,1.3,3.2,.392,6.7,12.9,.520,3.2,3.9,.829,2.2,6.0,8.2,2.7,0.7,1.7,1.5,2.7,20.5
4,Nickeil Alexander-Walker\alexani01,SG,21,NOP,41,0,501,5.5,16.3,.339,2.9,8.4,.342,2.7,7.9,.336,1.2,2.0,.607,0.6,5.2,5.7,5.3,0.8,0.5,2.9,3.3,15.2
5,Grayson Allen\allengr01,SG,24,MEM,30,0,498,5.7,12.7,.449,2.4,6.6,.363,3.3,6.1,.541,2.2,2.5,.857,0.4,4.4,4.8,3.1,0.4,0.1,1.7,2.6,16.0
6,Jarrett Allen\allenja01,C,21,BRK,58,54,1513,5.8,9.0,.646,0.0,0.1,.000,5.8,8.9,.654,3.2,5.2,.621,4.2,9.0,13.2,2.0,0.8,2.0,1.5,3.3,14.8
7,Kadeem Allen\allenka01,SG,27,NYK,10,0,117,5.8,13.5,.432,1.5,4.9,.313,4.3,8.6,.500,2.2,3.4,.636,0.6,2.2,2.8,6.5,1.5,0.6,2.5,2.2,15.4
8,Al-Farouq Aminu\aminual01,PF,29,ORL,18,2,380,2.4,8.1,.291,0.9,3.4,.250,1.5,4.7,.320,1.8,2.7,.655,2.3,6.0,8.2,2.0,1.7,0.8,1.6,2.6,7.4
9,Justin Anderson\anderju01,SF,26,BRK,3,0,17,2.1,12.7,.167,0.0,6.4,.000,2.1,6.4,.333,2.1,4.2,.500,0.0,4.2,4.2,0.0,0.0,2.1,0.0,4.2,6.4
10,Kyle Anderson\anderky01,PF,26,MEM,53,14,986,4.4,8.9,.496,0.4,1.8,.229,4.0,7.2,.561,1.4,2.1,.655,1.8,6.5,8.3,4.3,1.6,0.9,1.6,2.9,10.6
11,Ryan Anderson\anderry01,PF,31,HOU,2,0,14,5.1,18.0,.286,2.6,12.9,.200,2.6,5.1,.500,0.0,0.0,,0.0,18.0,18.0,5.1,2.6,0.0,2.6,2.6,12.9
12,Giannis Antetokounmpo\antetgi01,PF,25,MIL,53,53,1633,12.8,23.1,.553,1.7,5.5,.317,11.0,17.6,.626,7.4,11.9,.622,2.7,13.2,16.0,6.8,1.2,1.3,4.3,3.6,34.7
13,Kostas Antetokounmpo\antetko01,PF,22,LAL,3,0,5,0.0,0.0,,0.0,0.0,,0.0,0.0,,0.0,0.0,,0.0,7.2,7.2,7.2,0.0,0.0,0.0,0.0,0.0
14,Thanasis Antetokounmpo\antetth01,SF,27,MIL,16,1,70,8.2,14.9,.552,0.0,2.1,.000,8.2,12.9,.640,2.1,4.6,.444,3.6,2.6,6.2,3.1,2.1,0.5,3.1,5.1,18.5
15,Carmelo Anthony\anthoca01,PF,35,POR,44,44,1440,6.4,15.3,.421,1.6,4.4,.360,4.8,10.8,.446,2.5,3.0,.850,1.4,5.7,7.1,1.6,0.9,0.5,1.9,3.2,17.0
16,OG Anunoby\anunoog01,SF,22,TOR,58,57,1710,5.0,10.1,.497,1.5,4.1,.367,3.5,6.0,.587,1.1,1.6,.680,1.4,5.2,6.6,2.0,1.6,0.8,1.5,2.9,12.6
17,Ryan Arcidiacono\arcidry01,PG,25,CHI,55,4,866,3.4,8.5,.395,2.1,5.4,.382,1.3,3.1,.419,1.0,1.4,.735,0.7,3.5,4.2,3.7,1.0,0.1,1.5,3.8,9.9
18,Trevor Ariza\arizatr01,SF,34,TOT,47,15,1283,3.3,7.7,.436,1.8,4.8,.366,1.6,2.8,.554,1.2,1.4,.824,0.8,5.2,6.1,2.2,1.7,0.3,1.3,2.7,9.6
18,Trevor Ariza\arizatr01,SF,34,SAC,32,0,791,2.9,7.5,.388,2.0,5.6,.352,1.0,2.0,.488,1.0,1.2,.778,1.0,5.7,6.6,2.3,1.6,0.3,1.3,2.9,8.7
18,Trevor Ariza\arizatr01,SF,34,POR,15,15,492,4.0,7.9,.509,1.5,3.7,.400,2.6,4.2,.603,1.5,1.8,.875,0.7,4.5,5.2,2.0,1.9,0.4,1.3,2.5,11.0
19,D.J. Augustin\augusdj01,PG,32,ORL,43,6,1080,4.5,11.6,.388,1.7,5.0,.340,2.8,6.6,.424,3.9,4.5,.881,0.5,2.8,3.3,6.4,1.0,0.0,2.0,1.6,14.6
20,Deandre Ayton\aytonde01,C,21,PHO,28,23,924,9.4,16.9,.556,0.0,0.1,.000,9.4,16.8,.560,2.1,2.7,.768,4.6,8.5,13.1,2.2,0.7,1.8,2.4,3.4,20.9
21,Dwayne Bacon\bacondw01,SG,24,CHO,39,11,687,4.5,12.8,.348,1.0,3.5,.284,3.5,9.3,.373,1.8,2.8,.660,0.8,4.5,5.2,2.7,1.2,0.1,1.9,2.7,11.7
22,Marvin Bagley\baglema01,PF,20,SAC,13,6,334,8.4,18.0,.467,0.4,2.4,.182,8.0,15.6,.510,2.7,3.3,.806,3.1,7.3,10.5,1.1,0.6,1.3,1.9,4.6,19.9
23,Lonzo Ball\balllo01,PG,22,NOP,51,42,1636,4.9,12.3,.397,2.6,7.0,.366,2.3,5.2,.439,0.7,1.2,.571,1.2,5.6,6.8,7.8,1.5,0.6,3.3,2.2,13.0
24,Mo Bamba\bambamo01,C,21,ORL,54,0,802,5.4,11.5,.473,1.5,4.2,.351,4.0,7.3,.543,1.2,1.8,.692,3.9,8.3,12.2,1.6,0.9,3.7,1.8,4.8,13.6
25,J.J. Barea\bareajo01,PG,35,DAL,21,4,325,7.8,17.5,.443,3.1,7.1,.438,4.7,10.4,.447,1.8,1.8,1.000,1.1,3.8,4.9,8.8,0.4,0.2,3.4,2.0,20.4
26,Harrison Barnes\barneha02,PF,27,SAC,59,59,2056,5.3,11.6,.460,1.5,4.0,.372,3.9,7.6,.506,3.2,4.0,.804,0.9,3.9,4.9,2.4,0.6,0.2,1.3,1.3,15.4
27,RJ Barrett\barrerj01,SG,19,NYK,49,48,1489,5.9,15.2,.389,1.2,4.0,.307,4.7,11.2,.418,3.2,5.2,.604,1.1,4.9,6.0,2.9,1.1,0.4,2.5,2.6,16.2
28,Will Barton\bartowi01,SF,29,DEN,52,52,1714,6.1,13.8,.446,2.0,5.1,.388,4.2,8.7,.479,2.0,2.6,.762,1.6,5.4,7.0,4.1,1.2,0.5,1.6,2.3,16.2
29,Keita Bates-Diop\bateske01,SF,24,TOT,39,0,665,4.8,11.3,.428,1.7,5.1,.330,3.1,6.2,.509,2.7,3.7,.710,1.1,4.9,6.1,1.6,0.9,1.1,0.8,2.1,14.0
29,Keita Bates-Diop\bateske01,SF,24,MIN,37,0,646,4.8,11.5,.422,1.7,5.2,.330,3.1,6.2,.500,2.6,3.6,.708,1.2,5.0,6.1,1.7,0.9,1.1,0.8,2.0,14.0
29,Keita Bates-Diop\bateske01,SF,24,DEN,2,0,19,3.8,3.8,1.000,0.0,0.0,,3.8,3.8,1.000,5.7,7.6,.750,0.0,3.8,3.8,0.0,0.0,1.9,0.0,3.8,13.3
30,Nicolas Batum\batumni01,SF,31,CHO,22,3,505,2.0,5.8,.346,1.0,3.5,.286,1.0,2.3,.438,0.6,0.7,.900,1.8,5.3,7.1,4.7,1.2,0.6,1.6,2.9,5.6
31,Aron Baynes\baynear01,C,33,PHO,38,25,820,6.9,14.2,.488,1.9,5.9,.326,5.0,8.3,.603,2.1,2.9,.723,2.6,6.5,9.1,2.8,0.4,0.9,1.8,5.6,17.9
32,Kent Bazemore\bazemke01,SF-SG,30,TOT,59,21,1464,4.1,11.2,.366,1.8,5.3,.343,2.3,5.9,.388,2.4,3.1,.756,0.5,5.5,6.0,1.9,1.6,0.9,1.9,4.1,12.4
32,Kent Bazemore\bazemke01,SF,30,POR,43,21,1111,3.7,10.6,.347,1.8,5.5,.327,1.8,5.0,.368,1.9,2.3,.806,0.4,5.2,5.6,2.0,1.5,1.0,1.9,3.9,11.0
32,Kent Bazemore\bazemke01,SG,30,SAC,16,0,353,5.5,13.3,.415,1.8,4.6,.400,3.7,8.7,.424,3.9,5.6,.691,0.9,6.5,7.4,1.6,2.0,0.7,1.7,4.6,16.7
33,Darius Bazley\bazleda01,PF,19,OKC,53,8,909,3.5,9.1,.383,1.2,4.0,.300,2.3,5.1,.446,1.3,1.9,.681,0.8,6.9,7.8,1.1,0.8,1.4,1.6,1.8,9.4
34,Bradley Beal\bealbr01,SG,26,WAS,51,51,1829,10.4,22.8,.458,2.8,8.3,.335,7.7,14.5,.529,6.8,8.1,.844,1.0,3.4,4.4,6.1,1.1,0.4,3.4,2.3,30.4
35,Malik Beasley\beaslma01,SG,23,TOT,49,8,1017,6.3,15.6,.407,3.2,8.4,.376,3.2,7.2,.443,1.7,2.0,.825,0.5,3.8,4.4,2.3,1.3,0.3,1.7,2.5,17.5
35,Malik Beasley\beaslma01,SG,23,DEN,41,0,746,5.6,14.5,.389,2.8,7.8,.360,2.8,6.8,.421,1.6,1.8,.868,0.4,3.3,3.7,2.3,1.5,0.3,1.7,2.4,15.7
35,Malik Beasley\beaslma01,SG,23,MIN,8,8,271,8.2,18.5,.446,4.1,10.1,.408,4.1,8.4,.492,1.9,2.5,.737,0.8,5.3,6.1,2.4,0.8,0.3,1.6,2.8,22.5
36,Marco Belinelli\belinma01,SG,33,SAS,49,0,746,4.8,12.5,.384,2.6,7.0,.363,2.2,5.4,.411,1.5,2.0,.780,0.2,4.0,4.2,3.0,0.5,0.0,0.7,1.9,13.7
37,Jordan Bell\belljo01,C-PF,25,TOT,29,0,256,4.9,9.4,.522,0.6,1.7,.333,4.4,7.7,.564,2.7,4.4,.613,4.2,7.2,11.4,2.3,0.4,1.4,3.0,2.7,13.1
37,Jordan Bell\belljo01,C,25,MIN,27,0,235,4.9,9.2,.533,0.3,1.4,.222,4.6,7.8,.588,2.6,4.4,.586,4.3,7.7,11.9,2.1,0.3,1.5,2.8,2.6,12.7
37,Jordan Bell\belljo01,PF,25,MEM,2,0,21,5.1,12.0,.429,3.4,5.1,.667,1.7,6.9,.250,3.4,3.4,1.000,3.4,1.7,5.1,3.4,1.7,0.0,5.1,3.4,17.1
38,DeAndre' Bembry\bembrde01,SG,25,ATL,43,4,915,4.1,9.0,.456,0.6,2.6,.231,3.5,6.4,.546,1.0,1.9,.542,1.3,4.6,6.0,3.2,2.2,0.7,2.4,3.3,9.8
39,Dragan Bender\bendedr01,SF,22,TOT,10,1,158,3.2,8.9,.359,1.4,4.6,.300,1.8,4.3,.421,0.5,1.1,.400,0.9,6.8,7.7,3.2,0.7,1.4,2.5,5.5,8.2
39,Dragan Bender\bendedr01,SF,22,MIL,7,0,91,4.0,8.3,.476,1.6,3.6,.444,2.4,4.7,.500,0.8,1.2,.667,0.0,7.9,7.9,3.6,0.0,2.0,2.0,6.3,10.3
39,Dragan Bender\bendedr01,SF,22,GSW,3,1,67,2.1,9.7,.222,1.1,5.9,.182,1.1,3.8,.286,0.0,1.1,.000,2.1,5.4,7.5,2.7,1.6,0.5,3.2,4.3,5.4
40,Dāvis Bertāns\bertada01,PF,27,WAS,48,4,1412,5.8,13.5,.429,4.3,10.3,.415,1.5,3.2,.476,2.3,2.6,.864,0.8,4.8,5.7,2.1,0.9,0.8,1.2,3.0,18.2
41,Patrick Beverley\beverpa01,PG,31,LAC,43,43,1185,4.0,9.1,.435,2.1,5.6,.375,1.9,3.6,.530,0.7,1.2,.632,1.6,5.7,7.4,5.1,1.5,0.8,1.7,4.1,10.8
42,Khem Birch\birchkh01,C,27,ORL,38,24,773,2.6,5.3,.496,0.0,0.0,.000,2.6,5.2,.500,1.9,3.1,.612,3.3,5.1,8.4,1.6,0.7,1.0,1.1,3.4,7.1
43,Goga Bitadze\bitadgo01,C,20,IND,45,2,389,5.2,10.9,.475,0.5,2.8,.167,4.7,8.1,.580,2.0,2.9,.710,2.0,6.6,8.6,1.9,0.5,2.9,2.2,5.1,12.9
44,Bismack Biyombo\biyombi01,C,27,CHO,50,28,961,5.4,9.9,.548,0.0,0.0,,5.4,9.9,.548,3.2,5.4,.590,4.3,6.6,10.9,1.7,0.4,1.7,1.8,4.2,14.0
45,Nemanja Bjelica\bjeline01,PF,31,SAC,59,56,1687,5.8,12.0,.480,2.6,5.9,.440,3.2,6.1,.517,1.2,1.4,.818,2.1,6.0,8.1,3.5,1.1,0.7,1.8,3.9,15.3
46,Eric Bledsoe\bledser01,PG,30,MIL,51,51,1390,7.6,15.7,.480,1.7,4.9,.353,5.8,10.8,.538,3.8,4.6,.827,1.0,5.4,6.4,7.2,1.2,0.6,3.2,2.8,20.7
47,Bogdan Bogdanović\bogdabo01,SG,27,SAC,48,15,1358,6.5,15.4,.424,3.2,9.0,.355,3.3,6.4,.523,1.8,2.5,.720,0.5,3.7,4.1,4.0,1.2,0.3,2.2,2.7,18.1
48,Bojan Bogdanović\bogdabo02,SF,30,UTA,58,58,1932,7.2,16.1,.445,3.3,7.9,.415,3.9,8.2,.473,4.3,4.8,.903,0.7,3.8,4.4,2.2,0.6,0.1,2.7,1.9,22.0
49,Jonah Bolden\boldejo01,PF,24,TOT,7,0,47,3.1,8.4,.364,0.0,3.1,.000,3.1,5.4,.571,1.5,3.1,.500,2.3,4.6,6.9,0.0,2.3,1.5,1.5,7.7,7.7
49,Jonah Bolden\boldejo01,PF,24,PHI,4,0,14,5.1,7.7,.667,0.0,2.6,.000,5.1,5.1,1.000,0.0,5.1,.000,0.0,2.6,2.6,0.0,2.6,0.0,5.1,10.3,10.3
49,Jonah Bolden\boldejo01,PF,24,PHO,3,0,33,2.2,8.7,.250,0.0,3.3,.000,2.2,5.5,.400,2.2,2.2,1.000,3.3,5.5,8.7,0.0,2.2,2.2,0.0,6.5,6.5
50,Marques Bolden\boldema01,C,21,CLE,1,0,3,0.0,0.0,,0.0,0.0,,0.0,0.0,,0.0,0.0,,0.0,24.0,24.0,0.0,12.0,0.0,0.0,12.0,0.0
51,Jordan Bone\bonejo01,PG,22,DET,10,0,53,3.4,13.6,.250,1.4,6.8,.200,2.0,6.8,.300,0.0,0.0,,0.0,2.7,2.7,5.4,0.7,0.0,1.4,4.1,8.2
52,Isaac Bonga\bongais01,SF,20,WAS,53,38,939,3.4,6.5,.518,0.7,1.9,.388,2.6,4.6,.570,1.8,2.2,.793,2.3,4.6,6.9,2.2,1.3,0.7,1.5,4.8,9.2
53,Devin Booker\bookede01,SG,23,PHO,57,57,2052,8.8,18.0,.490,1.9,5.5,.355,6.9,12.5,.550,6.5,7.1,.918,0.5,3.7,4.2,6.5,0.7,0.2,3.9,3.0,26.1
54,Chris Boucher\bouchch01,PF,27,TOR,51,0,673,6.0,12.9,.465,1.3,4.8,.281,4.7,8.1,.572,3.9,5.0,.785,4.7,7.3,12.0,1.2,1.0,2.7,1.1,5.1,17.2
55,Brian Bowen\bowenbr02,SG,21,IND,4,0,14,5.1,12.9,.400,0.0,2.6,.000,5.1,10.3,.500,0.0,0.0,,0.0,7.7,7.7,0.0,0.0,2.6,0.0,0.0,10.3
56,Ky Bowman\bowmaky01,PG,22,GSW,44,12,991,4.7,11.4,.410,1.2,3.8,.305,3.5,7.6,.462,1.2,1.5,.829,0.9,3.4,4.3,4.7,1.6,0.4,2.5,3.5,11.8
57,Avery Bradley\bradlav01,SG,29,LAL,43,38,1012,5.3,11.6,.455,1.7,4.8,.363,3.5,6.8,.521,0.6,0.7,.800,0.6,2.9,3.5,1.8,1.3,0.1,1.4,3.5,12.8
58,Tony Bradley\bradlto01,C,22,UTA,45,2,464,6.8,10.5,.644,0.1,0.1,1.000,6.7,10.4,.642,1.9,2.9,.658,6.2,8.5,14.7,1.0,0.8,1.4,1.7,6.8,15.5
59,Jarrell Brantley\brantja01,PF,23,UTA,3,0,11,0.0,0.0,,0.0,0.0,,0.0,0.0,,0.0,0.0,,0.0,16.4,16.4,3.3,0.0,6.5,3.3,3.3,0.0
60,Ignas Brazdeikis\brazdig01,SF,21,NYK,9,0,53,4.1,14.9,.273,0.7,6.1,.111,3.4,8.8,.385,2.7,3.4,.800,1.4,2.0,3.4,2.7,0.0,0.7,1.4,2.0,11.5
61,Mikal Bridges\bridgmi01,SF,23,PHO,60,19,1572,4.2,8.2,.511,1.0,3.0,.341,3.1,5.1,.612,1.9,2.2,.837,1.2,4.1,5.3,2.3,2.1,0.8,1.3,3.0,11.2
62,Miles Bridges\bridgmi02,SF,21,CHO,59,58,1812,5.9,13.5,.438,1.9,5.4,.346,4.1,8.1,.499,1.8,2.3,.802,1.6,4.8,6.5,2.0,0.7,0.9,1.7,2.4,15.6
63,Oshae Brissett\brissos01,SF,21,TOR,19,0,135,3.5,9.6,.361,0.8,4.0,.200,2.7,5.6,.476,2.1,2.7,.800,2.4,4.5,6.9,1.9,1.1,0.3,1.9,4.8,9.9
64,Ryan Broekhoff\broekry01,SG,29,DAL,17,1,180,4.4,11.8,.373,4.0,10.2,.392,0.4,1.6,.250,1.4,1.6,.875,1.0,7.6,8.6,2.2,1.0,0.8,1.2,3.0,14.2
65,Malcolm Brogdon\brogdma01,PG,27,IND,45,45,1390,7.0,16.2,.432,1.5,4.9,.314,5.5,11.3,.483,3.4,3.9,.887,1.0,4.6,5.6,8.4,0.8,0.2,2.9,2.1,19.0
66,Dillon Brooks\brookdi01,SG,24,MEM,59,59,1679,7.2,17.8,.407,2.6,6.8,.375,4.7,11.0,.426,2.8,3.4,.816,1.2,2.9,4.2,2.6,1.1,0.5,2.1,4.8,19.8
67,Bruce Brown\brownbr01,SG,23,DET,56,42,1572,4.3,9.8,.443,0.7,2.1,.337,3.6,7.7,.472,2.0,2.7,.737,1.3,4.7,6.1,5.0,1.4,0.7,2.2,3.6,11.4
68,Charlie Brown\brownch02,SG,22,ATL,10,0,40,5.4,17.1,.316,2.7,8.1,.333,2.7,9.0,.300,4.5,4.5,1.000,1.8,1.8,3.6,1.8,1.8,1.8,2.7,2.7,18.0
69,Jaylen Brown\brownja02,SF,23,BOS,48,48,1623,8.0,16.3,.494,2.3,5.9,.383,5.8,10.4,.557,3.4,4.5,.741,1.1,5.7,6.8,2.3,1.2,0.3,2.5,3.2,21.7
70,Moses Brown\brownmo01,C,20,POR,9,0,33,4.4,10.9,.400,0.0,0.0,,4.4,10.9,.400,3.3,8.7,.375,3.3,12.0,15.3,1.1,1.1,1.1,3.3,7.6,12.0
71,Sterling Brown\brownst02,SF,24,MIL,41,0,594,4.3,11.7,.368,1.9,6.1,.320,2.4,5.6,.419,1.6,2.0,.788,1.6,7.7,9.3,2.5,1.3,0.4,2.0,2.7,12.1
72,Troy Brown\browntr01,SG,20,WAS,55,14,1385,5.6,12.1,.461,1.1,3.4,.336,4.4,8.7,.510,2.0,2.7,.755,1.5,6.1,7.6,3.3,1.9,0.1,1.5,2.7,14.3
73,Jalen Brunson\brunsja01,PG,23,DAL,57,16,1022,6.4,13.7,.466,1.5,4.2,.358,4.9,9.4,.515,2.1,2.6,.813,0.8,3.9,4.7,6.6,0.8,0.1,2.3,2.6,16.4
74,Thomas Bryant\bryanth01,C,22,WAS,33,23,801,7.5,12.6,.594,0.8,2.1,.362,6.7,10.5,.641,2.6,3.6,.716,3.1,7.5,10.5,3.0,0.5,1.3,1.9,3.3,18.4
75,Reggie Bullock\bullore01,SG,28,NYK,25,19,613,4.9,12.5,.396,2.1,6.2,.340,2.8,6.2,.453,0.9,1.1,.842,0.8,2.6,3.4,2.1,1.5,0.1,0.8,3.1,12.9
76,Trey Burke\burketr01,PG,27,PHI,25,0,329,6.5,13.9,.465,1.8,4.2,.421,4.7,9.7,.483,1.4,2.0,.722,1.6,2.2,3.8,5.8,0.8,0.1,1.3,2.3,16.1
77,Alec Burks\burksal01,SG,28,TOT,54,18,1507,6.3,15.7,.404,2.1,5.9,.366,4.2,9.8,.427,5.0,5.6,.897,0.9,4.8,5.8,3.8,1.3,0.4,1.9,2.8,19.8
77,Alec Burks\burksal01,SG,28,GSW,48,18,1390,6.3,15.6,.406,2.2,5.8,.375,4.1,9.8,.424,5.2,5.8,.897,1.0,4.9,5.9,3.9,1.3,0.4,2.0,2.8,20.0
77,Alec Burks\burksal01,SG,28,PHI,6,0,117,6.5,16.9,.382,1.8,6.8,.273,4.6,10.2,.455,2.5,2.8,.889,0.6,4.0,4.6,3.1,1.2,0.0,0.9,2.8,17.2
78,Deonte Burton\burtode02,SG,26,OKC,32,0,276,4.8,13.3,.363,1.2,5.7,.205,3.7,7.6,.483,0.8,1.6,.500,0.8,5.2,6.0,1.4,0.7,1.3,1.8,3.7,11.6
79,Jimmy Butler\butleji01,SF,30,MIA,49,49,1685,6.5,14.2,.455,0.6,2.4,.246,5.9,11.8,.498,8.1,9.6,.838,1.9,5.2,7.1,6.5,1.8,0.6,2.4,1.5,21.6
80,Bruno Caboclo\cabocbr01,SF,24,TOT,25,0,206,5.1,12.6,.403,0.7,4.7,.148,4.4,7.9,.556,0.7,0.9,.800,3.3,5.1,8.4,1.7,2.1,2.4,1.6,4.2,11.5
80,Bruno Caboclo\cabocbr01,SF,24,MEM,22,0,192,5.2,12.9,.406,0.7,4.7,.160,4.5,8.2,.545,0.4,0.6,.667,3.2,5.1,8.2,1.9,1.9,2.3,1.3,4.3,11.6
80,Bruno Caboclo\cabocbr01,SF,24,HOU,3,0,14,2.6,7.7,.333,0.0,5.1,.000,2.6,2.6,1.000,5.1,5.1,1.000,5.1,5.1,10.3,0.0,5.1,5.1,5.1,2.6,10.3
81,Kentavious Caldwell-Pope\caldwke01,SG,26,LAL,57,20,1448,4.9,10.4,.470,2.0,5.0,.404,2.9,5.4,.532,1.8,2.3,.780,0.9,2.1,3.0,2.4,1.2,0.3,1.3,2.6,13.6
82,Vlatko Čančar\cancavl01,SF,22,DEN,12,0,42,5.1,12.9,.400,0.9,5.1,.167,4.3,7.7,.556,3.4,3.4,1.000,4.3,4.3,8.6,2.6,0.9,0.9,2.6,6.0,14.6
83,Clint Capela\capelca01,C,25,HOU,39,39,1279,6.9,10.9,.629,0.0,0.0,,6.9,10.9,.629,1.5,2.9,.529,4.7,10.4,15.1,1.4,0.9,2.0,1.8,2.9,15.3
84,DeMarre Carroll\carrode01,SF,33,TOT,18,0,181,2.6,8.0,.325,1.0,4.2,.238,1.6,3.8,.421,2.8,5.0,.560,1.8,6.6,8.4,3.2,0.8,0.8,3.0,4.6,9.0
84,DeMarre Carroll\carrode01,SF,33,SAS,15,0,135,2.4,7.7,.310,0.8,3.5,.231,1.6,4.3,.375,3.2,5.3,.600,1.9,6.4,8.3,2.9,0.5,0.5,2.7,5.3,8.8
84,DeMarre Carroll\carrode01,SF,33,HOU,3,0,46,3.1,8.6,.364,1.6,6.3,.250,1.6,2.3,.667,1.6,3.9,.400,1.6,7.0,8.6,3.9,1.6,1.6,3.9,2.3,9.4
85,Jevon Carter\carteje01,PG,24,PHO,45,2,650,3.8,9.5,.401,2.2,5.4,.412,1.6,4.2,.387,0.8,1.0,.833,1.2,3.4,4.7,3.4,2.0,0.6,1.6,3.5,10.7
86,Vince Carter\cartevi01,SF,43,ATL,54,0,785,4.3,12.3,.351,2.3,8.0,.291,2.0,4.3,.462,1.1,1.3,.793,0.7,4.5,5.2,2.1,1.0,1.1,1.4,3.8,12.0
87,Wendell Carter\cartewe01,C,20,CHI,37,37,1109,5.4,10.0,.537,0.2,0.9,.214,5.2,9.1,.569,3.1,4.2,.736,4.2,7.7,11.9,1.4,1.0,1.1,2.0,4.6,14.1
88,Michael Carter-Williams\cartemi01,SG,28,ORL,36,0,642,4.5,10.9,.410,0.7,2.9,.255,3.8,8.1,.465,3.0,3.8,.794,2.1,4.7,6.8,5.1,2.1,1.0,2.1,3.5,12.7
89,Alex Caruso\carusal01,PG,25,LAL,54,0,972,3.8,9.1,.420,1.3,3.7,.347,2.5,5.3,.472,2.0,2.7,.764,0.5,3.4,3.9,3.7,2.1,0.6,1.6,3.1,11.0
90,Willie Cauley-Stein\caulewi01,C,26,TOT,50,39,1051,5.7,10.0,.574,0.0,0.0,.000,5.7,9.9,.576,1.3,2.2,.619,2.7,7.4,10.1,2.3,1.7,2.0,1.3,4.0,12.8
90,Willie Cauley-Stein\caulewi01,C,26,GSW,41,37,940,5.5,9.8,.560,0.0,0.0,,5.5,9.8,.560,1.3,2.2,.614,2.7,7.0,9.8,2.3,1.7,1.9,1.3,3.9,12.4
90,Willie Cauley-Stein\caulewi01,C,26,DAL,9,2,111,7.5,11.0,.676,0.0,0.3,.000,7.5,10.7,.697,1.3,1.9,.667,2.9,10.4,13.3,2.3,1.3,2.6,1.3,5.2,16.2
91,Tyson Chandler\chandty01,C,37,HOU,26,5,219,2.3,3.0,.778,0.0,0.0,,2.3,3.0,.778,1.0,2.1,.462,4.1,6.7,10.8,1.0,1.0,1.3,1.3,5.3,5.6
92,Wilson Chandler\chandwi01,SF,32,BRK,29,0,613,3.8,9.0,.416,1.7,5.8,.296,2.1,3.3,.625,1.1,1.2,.857,0.6,6.8,7.5,1.9,0.9,0.6,1.6,3.8,10.3
93,Joe Chealey\chealjo01,PG,24,CHO,2,0,19,0.0,5.7,.000,0.0,3.8,.000,0.0,1.9,.000,0.0,0.0,,0.0,0.0,0.0,1.9,5.7,0.0,0.0,3.8,0.0
94,Zylan Cheatham\cheatzy01,SF,24,NOP,3,0,31,2.3,5.8,.400,0.0,1.2,.000,2.3,4.6,.500,0.0,0.0,,1.2,5.8,7.0,2.3,0.0,1.2,3.5,5.8,4.6
95,Chris Chiozza\chiozch01,PG,24,TOT,16,0,153,3.1,10.6,.289,1.9,5.2,.364,1.2,5.4,.217,0.0,0.0,,0.2,4.2,4.5,8.2,2.8,0.5,2.8,2.8,8.0
95,Chris Chiozza\chiozch01,PG,24,WAS,10,0,123,2.9,10.0,.294,2.0,4.7,.438,0.9,5.3,.167,0.0,0.0,,0.0,4.4,4.4,8.2,2.9,0.6,2.6,3.5,7.9
95,Chris Chiozza\chiozch01,PG,24,BRK,6,0,30,3.6,13.2,.273,1.2,7.2,.167,2.4,6.0,.400,0.0,0.0,,1.2,3.6,4.8,8.4,2.4,0.0,3.6,0.0,8.4
96,Marquese Chriss\chrisma01,PF,22,GSW,53,15,1026,6.3,11.6,.541,0.3,1.3,.222,6.0,10.4,.580,3.6,4.7,.763,3.4,7.3,10.7,3.3,1.1,1.9,2.4,3.8,16.5
97,Gary Clark\clarkga01,PF,25,TOT,31,0,378,3.4,9.0,.379,2.6,7.8,.329,0.9,1.2,.692,0.8,0.9,.889,2.4,4.9,7.2,1.2,0.4,1.2,0.4,2.8,10.2
97,Gary Clark\clarkga01,PF,25,HOU,18,0,212,3.9,10.0,.390,3.1,8.7,.353,0.8,1.4,.625,1.0,1.2,.857,1.9,4.9,6.8,2.0,0.3,1.2,0.3,3.6,11.9
97,Gary Clark\clarkga01,PF,25,ORL,13,0,166,2.8,7.8,.361,2.0,6.7,.290,0.9,1.1,.800,0.4,0.4,1.000,3.0,4.8,7.8,0.2,0.4,1.3,0.4,1.7,8.0
98,Brandon Clarke\clarkbr01,PF,23,MEM,50,3,1086,8.4,13.5,.623,0.7,1.7,.404,7.7,11.8,.654,2.4,3.1,.785,2.6,7.1,9.7,2.4,0.9,1.4,1.5,2.7,20.0
99,Jordan Clarkson\clarkjo01,SG,27,TOT,58,0,1406,8.4,18.0,.465,3.1,8.4,.374,5.2,9.6,.545,2.9,3.5,.846,1.2,2.9,4.0,3.0,1.0,0.4,1.9,2.1,22.8
99,Jordan Clarkson\clarkjo01,SG,27,CLE,29,0,666,7.8,17.6,.442,3.2,8.6,.371,4.6,9.0,.509,4.1,4.6,.884,1.1,2.6,3.7,3.8,0.9,0.4,2.1,1.8,22.9
99,Jordan Clarkson\clarkjo01,SG,27,UTA,29,0,740,8.9,18.3,.485,3.1,8.3,.376,5.8,10.1,.575,1.9,2.4,.780,1.2,3.2,4.3,2.3,1.0,0.3,1.7,2.4,22.8
100,Nicolas Claxton\claxtni01,PF,20,BRK,15,0,187,5.2,9.2,.563,0.2,1.3,.143,5.0,7.9,.634,2.1,4.0,.524,3.7,4.8,8.5,3.1,0.2,1.5,1.7,2.7,12.7
101,Chris Clemons\clemoch01,SG,22,HOU,28,0,246,7.3,18.1,.403,4.8,13.6,.355,2.5,4.5,.548,0.9,1.0,.857,0.4,2.9,3.4,3.1,0.9,0.7,2.5,2.9,20.3
102,Antonius Cleveland\clevean01,SG,25,DAL,6,0,22,3.3,9.8,.333,0.0,1.6,.000,3.3,8.2,.400,1.6,3.3,.500,0.0,4.9,4.9,0.0,1.6,1.6,1.6,3.3,8.2
103,Amir Coffey\coffeam01,SG,22,LAC,9,0,80,4.5,9.9,.455,0.5,2.3,.200,4.1,7.7,.529,0.5,1.4,.333,1.4,3.6,5.0,3.2,0.5,0.5,0.9,4.1,9.9
104,John Collins\collijo01,PF,22,ATL,35,35,1141,9.5,16.3,.581,1.5,3.9,.395,7.9,12.4,.640,3.1,3.8,.802,3.1,8.3,11.3,1.6,0.8,1.8,1.9,3.8,23.5
105,Zach Collins\colliza01,PF,22,POR,3,3,86,3.8,8.0,.474,1.3,2.9,.429,2.5,5.0,.500,2.5,2.5,1.000,1.7,3.3,5.0,2.5,0.0,0.8,2.5,4.6,11.3
106,Mike Conley\conlemi01,PG,32,UTA,36,30,1015,6.0,15.1,.395,2.3,6.4,.361,3.7,8.7,.420,3.0,3.8,.792,0.8,3.4,4.2,5.3,0.9,0.1,2.3,2.9,17.2
107,Pat Connaughton\connapa01,SG,27,MIL,55,0,992,3.9,8.4,.463,1.5,4.4,.339,2.4,4.0,.600,0.7,0.9,.720,1.7,6.7,8.4,3.2,0.6,1.0,1.5,1.8,9.9
108,Quinn Cook\cookqu01,PG,26,LAL,35,0,393,6.8,15.2,.446,2.2,5.8,.381,4.6,9.4,.485,0.5,0.8,.667,0.6,2.9,3.6,3.6,1.0,0.1,2.2,1.8,16.3
109,Tyler Cook\cookty01,PF,22,CLE,11,0,35,7.2,10.3,.700,0.0,0.0,,7.2,10.3,.700,5.1,6.2,.833,4.1,6.2,10.3,1.0,1.0,0.0,1.0,4.1,19.5
110,Robert Covington\covinro01,PF,29,TOT,56,54,1661,5.4,12.6,.429,2.8,8.2,.343,2.6,4.4,.588,1.8,2.2,.806,1.0,6.4,7.4,1.5,1.9,1.4,1.8,3.8,15.5
110,Robert Covington\covinro01,PF,29,MIN,48,47,1411,5.5,12.7,.435,2.8,8.0,.346,2.8,4.7,.587,1.9,2.4,.798,0.9,6.4,7.3,1.4,2.0,1.1,1.9,3.8,15.7
110,Robert Covington\covinro01,PF,29,HOU,8,7,250,4.9,12.5,.391,3.2,9.6,.328,1.7,2.9,.600,1.2,1.3,.889,1.3,6.6,7.9,1.7,1.3,3.0,1.2,4.0,14.1
111,Allen Crabbe\crabbal01,SG,27,TOT,37,1,653,3.5,9.8,.356,2.0,6.6,.303,1.5,3.2,.466,0.6,0.8,.714,0.6,3.6,4.2,1.8,0.8,0.2,0.9,2.6,9.5
111,Allen Crabbe\crabbal01,SG,27,ATL,28,1,522,3.6,9.9,.364,2.1,6.4,.323,1.5,3.4,.440,0.6,0.8,.750,0.7,3.8,4.5,1.9,1.0,0.3,0.8,2.5,9.9
111,Allen Crabbe\crabbal01,SG,27,MIN,9,0,131,3.0,9.3,.324,1.6,7.1,.231,1.4,2.2,.625,0.3,0.5,.500,0.3,3.0,3.3,1.4,0.0,0.0,1.4,3.0,8.0
112,Torrey Craig\craigto01,SF,29,DEN,45,19,805,3.7,8.3,.449,1.3,4.2,.316,2.4,4.0,.589,0.9,1.4,.645,2.1,4.5,6.6,1.3,0.7,1.4,0.9,4.5,9.7
113,Jae Crowder\crowdja01,SF,29,TOT,53,46,1563,4.2,10.9,.385,2.4,7.4,.320,1.8,3.5,.523,2.1,2.6,.791,1.0,6.5,7.6,3.1,1.5,0.4,1.4,2.6,12.9
113,Jae Crowder\crowdja01,SF,29,MEM,45,45,1322,4.0,10.9,.368,2.1,7.2,.293,1.9,3.6,.519,2.0,2.6,.789,1.1,6.5,7.5,3.4,1.3,0.4,1.5,2.3,12.2
113,Jae Crowder\crowdja01,SF,29,MIA,8,1,241,5.2,11.1,.473,3.7,8.4,.446,1.5,2.7,.556,2.4,3.0,.800,0.7,6.9,7.6,1.6,2.4,0.6,0.7,3.9,16.6
114,Jarrett Culver\culveja01,SG,20,MIN,57,35,1375,5.3,13.6,.392,1.5,5.3,.287,3.8,8.3,.459,1.3,2.9,.464,1.7,3.4,5.1,2.7,1.4,1.0,2.0,2.9,13.5
115,Seth Curry\curryse01,SG,29,DAL,56,18,1365,6.4,13.0,.488,3.3,7.4,.448,3.0,5.6,.540,1.9,2.2,.866,0.7,2.8,3.5,2.9,0.9,0.2,1.4,2.5,17.9
116,Stephen Curry\curryst01,PG,31,GSW,4,4,112,8.7,21.2,.409,2.9,11.9,.243,5.8,9.3,.621,5.8,5.8,1.000,1.3,5.1,6.4,8.4,1.6,0.6,4.8,3.2,26.0
117,Troy Daniels\danietr01,SG,28,LAL,40,0,453,4.8,12.5,.389,3.1,8.8,.351,1.7,3.7,.478,0.8,1.3,.625,1.0,2.7,3.7,1.1,0.6,0.2,0.7,2.4,13.6
118,Anthony Davis\davisan02,PF,26,LAL,50,50,1726,9.6,18.8,.508,1.1,3.5,.324,8.4,15.2,.551,7.5,8.8,.844,2.4,7.5,9.8,3.4,1.6,2.6,2.6,2.5,27.7
119,Ed Davis\davised01,C,30,UTA,25,0,268,1.9,4.6,.412,0.0,0.0,,1.9,4.6,.412,0.7,1.5,.455,3.9,8.9,12.8,1.1,1.3,1.2,1.7,7.4,4.4
120,Terence Davis\daviste02,SG,22,TOR,59,2,1035,6.1,13.0,.469,3.0,7.3,.408,3.1,5.6,.549,1.4,1.6,.889,1.6,5.6,7.2,3.5,1.1,0.4,2.1,3.3,16.6
121,Dewayne Dedmon\dedmode01,C,30,TOT,40,14,678,4.6,11.4,.407,1.0,4.8,.209,3.6,6.5,.553,1.4,1.6,.839,2.5,8.7,11.2,1.0,1.0,2.0,2.8,6.4,11.6
121,Dewayne Dedmon\dedmode01,C,30,SAC,34,10,541,4.6,11.4,.404,0.9,4.7,.197,3.7,6.7,.550,1.5,1.9,.821,3.1,8.1,11.1,1.0,1.0,1.7,3.1,6.2,11.6
121,Dewayne Dedmon\dedmode01,C,30,ATL,6,4,137,4.7,11.3,.419,1.3,5.3,.250,3.4,6.0,.565,0.8,0.8,1.000,0.5,11.0,11.6,1.1,1.1,3.2,1.3,7.1,11.6
122,Matthew Dellavedova\dellama01,PG,29,CLE,51,0,628,2.8,8.1,.348,0.9,4.2,.203,1.9,3.8,.507,1.5,1.7,.867,0.7,2.5,3.2,7.6,0.9,0.1,2.6,3.7,8.0
123,DeMar DeRozan\derozde01,SF,30,SAS,55,55,1876,8.9,16.8,.531,0.2,0.6,.267,8.8,16.3,.540,6.0,7.1,.848,0.7,5.3,6.0,5.5,1.1,0.2,2.6,2.9,24.0
124,Cheick Diallo\diallch01,C,23,PHO,40,2,423,7.0,10.6,.661,0.1,0.2,.500,6.9,10.4,.664,2.6,3.0,.857,2.1,7.6,9.7,1.7,0.9,0.9,2.3,4.4,16.6
125,Hamidou Diallo\diallha01,SF,21,OKC,35,3,652,5.1,11.4,.444,0.3,1.7,.161,4.8,9.7,.494,1.4,2.2,.650,1.5,4.9,6.3,1.2,1.5,0.4,1.9,4.2,11.9
126,Gorgui Dieng\dienggo01,C,30,TOT,52,17,895,5.8,12.7,.457,2.0,5.4,.370,3.8,7.2,.522,2.1,2.7,.779,3.2,8.5,11.7,2.5,1.8,2.0,1.9,4.1,15.7
126,Gorgui Dieng\dienggo01,C,30,MIN,46,17,778,5.7,12.8,.448,2.1,5.6,.383,3.6,7.3,.497,2.2,2.7,.797,3.4,8.5,11.8,2.7,1.7,1.9,2.0,4.1,15.8
126,Gorgui Dieng\dienggo01,C,30,MEM,6,0,117,6.2,11.7,.526,1.2,4.6,.267,4.9,7.1,.696,1.8,2.8,.667,1.8,8.6,10.5,1.2,2.5,2.2,1.2,4.3,15.4
127,Spencer Dinwiddie\dinwisp01,SG,26,BRK,58,43,1818,7.8,18.8,.416,2.2,7.2,.310,5.6,11.5,.482,6.1,7.9,.776,0.6,3.4,4.0,7.7,0.7,0.4,3.1,3.3,23.9
128,Donte DiVincenzo\divindo01,SG,23,MIL,54,21,1231,5.4,11.9,.455,2.0,5.8,.340,3.5,6.1,.562,1.5,2.0,.776,1.6,6.0,7.6,3.4,2.2,0.4,1.9,2.6,14.3
129,Luka Dončić\doncilu01,PG,20,DAL,48,48,1577,10.3,22.3,.463,3.1,9.8,.319,7.2,12.5,.576,7.6,9.9,.767,1.5,8.9,10.3,9.6,1.1,0.2,4.7,2.7,31.3
130,Luguentz Dort\dortlu01,SG,20,OKC,25,17,535,3.8,8.8,.427,1.3,4.3,.297,2.5,4.5,.552,1.5,2.0,.759,0.9,1.7,2.6,1.1,1.5,0.1,0.9,4.4,10.3
131,Damyean Dotson\dotsoda01,SG,25,NYK,47,0,823,5.2,12.3,.418,2.6,7.0,.366,2.6,5.3,.488,1.0,1.4,.688,0.3,3.5,3.8,2.5,1.0,0.2,0.9,1.9,13.9
132,Sekou Doumbouya\doumbse01,SF,19,DET,33,19,667,4.5,11.5,.390,1.5,4.9,.297,3.0,6.6,.459,1.5,2.2,.675,1.0,4.9,5.8,0.8,1.0,0.4,1.7,3.8,11.9
133,PJ Dozier\doziepj01,PG,23,DEN,18,0,231,5.6,13.9,.404,1.1,4.2,.259,4.5,9.7,.468,1.1,1.7,.636,0.8,3.9,4.7,4.5,1.1,0.8,1.7,4.2,13.4
134,Goran Dragić\dragigo01,PG,33,MIA,48,1,1363,6.9,15.4,.449,2.8,7.3,.380,4.1,8.1,.511,4.0,5.3,.759,0.6,3.3,3.9,6.3,0.8,0.2,3.2,2.4,20.6
135,Andre Drummond\drumman01,C,26,TOT,54,53,1775,7.8,14.9,.528,0.1,0.6,.167,7.7,14.3,.543,3.1,5.5,.572,4.9,11.8,16.8,2.9,2.1,1.8,4.0,3.8,18.9
135,Andre Drummond\drumman01,C,26,DET,49,48,1654,7.8,14.8,.530,0.0,0.5,.048,7.8,14.3,.546,3.2,5.6,.584,4.9,11.9,16.9,3.0,2.1,1.8,3.8,3.8,18.9
135,Andre Drummond\drumman01,C,26,CLE,5,5,121,8.0,16.1,.500,1.2,2.7,.444,6.8,13.4,.511,1.8,4.8,.375,5.1,10.4,15.5,2.1,1.8,1.8,6.2,3.6,19.0
136,Jared Dudley\dudleja01,SF,34,LAL,38,1,306,2.4,5.8,.408,1.9,3.9,.485,0.5,1.9,.250,0.2,0.2,1.000,0.6,4.4,4.9,2.2,1.4,0.4,0.7,4.2,6.8
137,Kris Dunn\dunnkr01,PG,25,CHI,51,32,1269,4.3,9.7,.444,0.8,3.2,.259,3.5,6.5,.535,1.1,1.5,.741,0.7,4.6,5.3,4.9,2.9,0.5,1.9,4.5,10.6
138,Carsen Edwards\edwarca01,SG,21,BOS,34,0,299,4.1,12.6,.324,2.3,7.6,.302,1.8,5.1,.357,1.3,1.6,.846,0.6,4.3,4.9,2.6,1.2,0.4,1.8,3.5,11.8
139,Henry Ellenson\ellenhe01,PF,23,BRK,5,0,15,2.4,16.8,.143,0.0,9.6,.000,2.4,7.2,.333,0.0,0.0,,4.8,9.6,14.4,2.4,0.0,0.0,0.0,2.4,4.8
140,Wayne Ellington\ellinwa01,SG,32,NYK,29,1,438,3.9,11.2,.353,3.0,9.0,.339,0.9,2.2,.407,0.9,1.1,.846,0.3,3.5,3.8,2.3,1.0,0.2,1.2,2.4,11.8
141,Joel Embiid\embiijo01,C,25,PHI,43,43,1302,8.9,18.9,.472,1.5,4.4,.342,7.4,14.5,.511,8.3,10.2,.814,3.2,10.8,14.0,3.7,1.0,1.6,3.6,4.1,27.7
142,James Ennis\ennisja01,SF,29,TOT,55,4,904,4.6,10.5,.441,1.6,4.8,.333,3.0,5.7,.531,2.3,2.9,.797,2.2,4.7,6.9,1.8,1.0,0.6,1.4,3.7,13.2
142,James Ennis\ennisja01,SF,29,PHI,49,0,776,4.6,10.5,.442,1.7,4.9,.349,2.9,5.6,.525,2.2,2.8,.787,2.2,4.7,7.0,1.9,1.1,0.6,1.4,3.9,13.2
142,James Ennis\ennisja01,SF,29,ORL,6,4,128,4.5,10.4,.432,0.8,3.9,.214,3.7,6.5,.565,3.1,3.7,.846,2.3,4.5,6.8,1.1,0.3,0.6,0.8,2.0,12.9
143,Drew Eubanks\eubandr01,PF,22,SAS,8,0,42,8.6,12.9,.667,0.0,0.0,,8.6,12.9,.667,2.6,2.6,1.000,5.1,9.4,14.6,1.7,0.0,0.9,4.3,4.3,19.7
144,Jacob Evans\evansja02,SG,22,TOT,29,1,418,3.9,11.5,.336,1.1,3.4,.333,2.8,8.2,.337,2.2,2.5,.862,0.8,2.8,3.5,2.7,0.9,1.0,2.2,3.5,11.0
144,Jacob Evans\evansja02,SG,22,GSW,27,1,414,3.9,11.6,.338,1.1,3.3,.342,2.8,8.3,.337,2.2,2.5,.862,0.8,2.8,3.6,2.7,1.0,1.0,2.2,3.6,11.1
144,Jacob Evans\evansja02,SG,22,MIN,2,0,4,0.0,9.0,.000,0.0,9.0,.000,0.0,0.0,,0.0,0.0,,0.0,0.0,0.0,0.0,0.0,0.0,0.0,0.0,0.0
145,Dante Exum\exumda01,SG,24,TOT,35,1,485,4.2,8.8,.471,1.1,3.2,.349,3.0,5.6,.539,2.4,3.2,.744,0.9,4.1,5.0,3.0,1.0,0.6,2.3,2.8,11.8
145,Dante Exum\exumda01,SG,24,UTA,11,0,83,4.3,10.0,.435,0.9,2.6,.333,3.5,7.4,.471,0.9,0.9,1.000,1.3,3.9,5.2,3.0,0.4,0.9,4.3,3.5,10.4
145,Dante Exum\exumda01,SG,24,CLE,24,1,402,4.1,8.6,.479,1.2,3.3,.351,3.0,5.3,.559,2.7,3.7,.732,0.8,4.1,4.9,3.0,1.1,0.5,1.9,2.7,12.1
146,Tacko Fall\fallta01,C,24,BOS,6,0,24,13.5,18.0,.750,0.0,0.0,,13.5,18.0,.750,1.5,4.5,.333,0.0,16.5,16.5,0.0,0.0,3.0,4.5,7.5,28.5
147,Derrick Favors\favorde01,C,28,NOP,40,38,957,6.3,10.1,.623,0.0,0.2,.167,6.2,9.9,.634,1.2,2.1,.579,4.6,10.3,15.0,2.7,0.9,1.5,1.8,3.4,13.8
148,Cristiano Felício\feliccr01,PF,27,CHI,19,0,370,3.2,5.2,.623,0.0,0.2,.000,3.2,5.0,.647,1.8,2.2,.783,5.0,4.5,9.4,1.4,1.0,0.2,1.8,3.1,8.2
149,Terrance Ferguson\fergute01,SF,21,OKC,46,36,1102,2.3,6.1,.378,1.5,4.8,.311,0.8,1.3,.625,0.5,0.6,.789,0.7,1.5,2.2,1.4,0.8,0.5,0.9,4.4,6.6
150,Bruno Fernando\fernabr01,C,21,ATL,50,12,631,5.4,10.3,.522,0.3,2.0,.143,5.1,8.3,.614,1.6,2.7,.596,3.6,6.7,10.3,2.4,1.0,0.9,2.3,5.5,12.6
151,Yogi Ferrell\ferreyo01,PG,26,SAC,43,0,481,5.0,12.6,.399,1.4,5.1,.279,3.6,7.5,.480,2.2,2.6,.857,0.4,3.1,3.6,4.4,1.0,0.3,1.9,2.3,13.7
152,Dorian Finney-Smith\finnedo01,PF,26,DAL,60,57,1788,3.9,8.6,.458,1.9,5.1,.371,2.1,3.6,.582,1.4,1.9,.731,2.4,4.2,6.6,1.8,0.8,0.7,1.2,2.9,11.1
153,Bryn Forbes\forbebr01,SG,26,SAS,57,56,1435,5.5,13.3,.411,3.3,8.7,.382,2.2,4.6,.467,1.6,1.9,.827,0.3,2.7,3.0,2.6,0.8,0.0,1.3,2.7,15.8
154,Evan Fournier\fournev01,SG,27,ORL,58,58,1840,7.6,16.2,.469,3.0,7.5,.404,4.6,8.7,.525,3.2,3.9,.815,0.3,2.7,3.0,3.6,1.3,0.2,2.3,2.8,21.4
155,De'Aaron Fox\foxde01,PG,22,SAC,40,38,1267,8.2,17.4,.473,1.2,3.8,.323,7.0,13.6,.515,5.1,7.6,.669,0.8,3.9,4.6,7.8,1.6,0.6,3.6,3.3,22.8
156,Melvin Frazier\frazime01,SG,23,ORL,14,0,48,4.5,12.7,.353,3.0,5.2,.571,1.5,7.5,.200,1.5,3.0,.500,0.7,2.3,3.0,0.7,3.0,1.5,1.5,6.0,13.5
157,Michael Frazier\frazimi01,SG,25,HOU,8,0,66,2.2,6.0,.364,1.1,4.4,.250,1.1,1.6,.667,2.2,3.3,.667,0.5,1.1,1.6,0.5,1.1,0.0,1.1,7.1,7.6
158,Tim Frazier\fraziti01,PG,29,DET,27,11,355,3.4,9.5,.362,1.0,3.0,.333,2.4,6.5,.375,1.9,2.4,.792,0.9,2.4,3.3,9.4,1.4,0.4,3.7,4.3,9.8
159,Markelle Fultz\fultzma01,PG,21,ORL,58,53,1641,6.2,13.3,.464,0.6,2.4,.248,5.6,10.9,.512,2.1,2.8,.742,0.6,3.8,4.3,6.6,1.7,0.2,2.7,2.4,15.0
160,Wenyen Gabriel\gabriwe01,PF,22,TOT,22,1,159,3.2,7.9,.400,0.7,3.2,.214,2.5,4.8,.524,2.5,3.6,.688,2.7,4.1,6.8,1.4,1.1,1.1,2.9,6.3,9.5
160,Wenyen Gabriel\gabriwe01,PF,22,SAC,11,0,61,3.5,10.0,.353,0.6,4.7,.125,3.0,5.3,.556,3.5,5.9,.600,2.4,3.5,5.9,1.8,1.8,1.2,3.0,4.1,11.2
160,Wenyen Gabriel\gabriwe01,PF,22,POR,11,1,98,2.9,6.6,.444,0.7,2.2,.333,2.2,4.4,.500,1.8,2.2,.833,2.9,4.4,7.3,1.1,0.7,1.1,2.9,7.7,8.4
161,Daniel Gafford\gaffoda01,C,21,CHI,37,7,498,5.7,8.3,.687,0.0,0.0,,5.7,8.3,.687,1.7,3.5,.500,3.3,3.5,6.7,1.2,0.9,3.4,1.7,5.6,13.2
162,Danilo Gallinari\gallida01,PF,31,OKC,51,51,1567,7.0,15.9,.441,3.5,8.6,.410,3.5,7.3,.478,5.1,5.6,.898,0.7,5.8,6.5,2.5,0.8,0.1,1.6,1.5,22.6
163,Langston Galloway\gallola01,SG,28,DET,61,6,1573,4.9,11.3,.434,2.8,7.0,.399,2.1,4.3,.492,1.6,1.9,.866,0.6,2.4,3.0,2.2,1.0,0.2,0.9,2.0,14.2
164,Darius Garland\garlada01,PG,20,CLE,58,58,1794,5.5,13.8,.401,2.1,5.9,.357,3.4,7.9,.434,1.3,1.4,.875,0.5,1.7,2.2,4.5,0.8,0.1,3.0,1.8,14.4
165,Marc Gasol\gasolma01,C,35,TOR,35,35,974,3.6,8.5,.424,1.8,4.6,.403,1.8,4.0,.449,1.0,1.3,.722,1.1,7.3,8.4,4.5,1.0,1.2,1.6,3.7,10.1
166,Rudy Gay\gayru01,PF,33,SAS,54,5,1126,5.9,13.7,.431,1.6,5.1,.308,4.3,8.6,.504,2.8,3.3,.873,1.5,7.6,9.1,2.9,0.8,0.8,2.3,2.4,16.2
167,Paul George\georgpa01,SF,29,LAC,37,37,1076,8.7,20.4,.425,4.0,10.1,.399,4.7,10.3,.451,4.8,5.4,.894,0.5,6.7,7.2,4.8,1.6,0.6,3.5,2.9,26.1
168,Taj Gibson\gibsota01,C,34,NYK,55,49,903,5.8,10.0,.579,0.1,0.4,.273,5.7,9.6,.593,1.2,1.8,.682,3.9,5.5,9.4,1.9,0.9,1.0,1.6,4.4,13.0
169,Harry Giles\gilesha01,PF,21,SAC,33,12,484,7.2,13.0,.554,0.0,0.0,,7.2,13.0,.554,2.1,2.8,.737,2.2,7.8,10.0,3.3,1.2,1.0,2.2,6.3,16.5
170,Shai Gilgeous-Alexander\gilgesh01,SG,21,OKC,60,60,2124,7.1,15.2,.464,1.3,3.6,.347,5.8,11.6,.501,4.2,5.3,.800,0.8,5.6,6.3,3.4,1.1,0.7,1.9,1.7,19.6
171,Rudy Gobert\goberru01,C,27,UTA,57,57,1975,6.0,8.7,.692,0.0,0.0,,6.0,8.7,.692,3.8,6.2,.615,3.7,11.0,14.7,1.6,0.7,2.0,2.1,3.2,15.9
172,Brandon Goodwin\goodwbr01,PG,24,ATL,30,1,387,6.5,16.4,.398,2.3,7.5,.309,4.2,8.8,.474,2.3,2.4,.962,1.0,5.2,6.2,4.4,1.0,0.4,2.4,3.7,17.7
173,Aaron Gordon\gordoaa01,PF,24,ORL,53,53,1738,6.0,13.9,.434,1.4,4.4,.316,4.6,9.5,.488,2.6,3.7,.685,2.0,6.4,8.3,3.8,0.9,0.7,1.7,2.2,16.0
174,Eric Gordon\gordoer01,SG,31,HOU,30,13,875,6.1,16.4,.374,3.5,10.7,.327,2.6,5.7,.464,3.0,4.0,.742,0.3,2.1,2.4,1.9,0.9,0.5,1.4,2.6,18.7
175,Devonte' Graham\grahade01,PG,24,CHO,58,48,2030,5.8,15.5,.373,3.5,9.5,.366,2.3,6.0,.385,3.1,3.8,.811,0.7,2.9,3.6,7.8,1.0,0.3,3.0,1.9,18.2
176,Treveon Graham\grahatr01,SG,26,TOT,49,20,833,3.2,9.3,.340,1.1,4.6,.245,2.0,4.7,.431,1.5,2.2,.680,1.8,3.9,5.7,1.6,1.0,0.3,1.0,3.8,8.9
176,Treveon Graham\grahatr01,SG,26,MIN,33,20,663,3.4,9.5,.354,1.1,4.5,.241,2.3,5.0,.457,1.5,2.0,.730,1.6,3.9,5.4,1.6,0.9,0.1,1.0,3.6,9.3
176,Treveon Graham\grahatr01,SG,26,ATL,16,0,170,2.3,8.5,.275,1.3,4.9,.261,1.1,3.6,.294,1.5,2.8,.538,2.8,4.0,6.8,1.3,1.1,0.8,1.1,4.9,7.4
177,Jerami Grant\grantje01,PF,25,DEN,58,21,1523,5.7,12.1,.471,1.9,4.8,.393,3.8,7.3,.521,2.8,3.8,.742,1.2,3.7,4.9,1.6,0.9,1.2,1.1,2.9,16.0
178,Josh Gray\grayjo01,PG,26,NOP,2,0,23,1.6,3.1,.500,0.0,0.0,,1.6,3.1,.500,0.0,0.0,,1.6,1.6,3.1,3.1,0.0,0.0,7.8,1.6,3.1
179,Danny Green\greenda02,SG,32,LAL,56,56,1396,4.3,10.2,.423,2.7,7.2,.381,1.6,3.0,.521,0.8,1.1,.727,1.0,3.9,4.9,2.0,1.8,0.7,1.3,3.0,12.2
180,Draymond Green\greendr01,PF,29,GSW,43,43,1222,3.6,9.3,.389,1.1,3.8,.279,2.6,5.5,.465,1.9,2.4,.759,0.7,7.2,7.8,7.8,1.7,1.0,2.9,3.2,10.2
181,JaMychal Green\greenja01,PF,29,LAC,50,0,1035,3.9,9.6,.402,2.3,6.5,.355,1.6,3.1,.500,1.1,1.5,.738,2.4,8.6,11.0,1.3,0.9,0.7,1.5,4.6,11.1
182,Javonte Green\greenja02,SF,26,BOS,41,1,375,4.6,9.0,.511,0.6,2.2,.261,4.0,6.8,.592,2.2,3.5,.639,1.5,5.1,6.6,2.0,2.1,0.5,1.5,3.5,12.0
183,Jeff Green\greenje02,PF,33,TOT,34,2,630,5.1,12.3,.414,2.4,6.7,.359,2.7,5.6,.480,3.0,3.8,.776,0.9,4.6,5.4,1.5,0.9,0.6,1.8,3.0,15.5
183,Jeff Green\greenje02,PF,33,UTA,30,2,553,4.9,12.7,.385,2.2,6.8,.327,2.7,5.9,.451,3.2,4.1,.778,0.9,4.4,5.3,1.3,0.8,0.7,1.8,3.0,15.2
183,Jeff Green\greenje02,PF,33,HOU,4,0,77,6.5,9.4,.700,3.7,6.1,.615,2.8,3.3,.857,1.4,1.9,.750,0.5,6.1,6.5,3.3,1.4,0.5,2.3,3.3,18.2
184,Blake Griffin\griffbl01,PF,30,DET,18,18,512,6.2,17.6,.352,1.9,7.8,.243,4.3,9.8,.439,5.3,6.9,.776,1.2,4.7,5.9,4.1,0.5,0.5,2.8,1.9,19.6
185,Marko Guduric\gudurma01,SG,24,MEM,37,0,458,4.6,11.7,.389,1.8,6.1,.299,2.8,5.7,.486,1.8,2.0,.920,1.0,4.3,5.3,3.4,0.9,0.6,2.7,2.5,12.7
186,Kyle Guy\guyky01,SG,22,SAC,2,0,4,9.0,18.0,.500,0.0,9.0,.000,9.0,9.0,1.000,0.0,0.0,,0.0,0.0,0.0,0.0,0.0,0.0,0.0,0.0,18.0
187,Rui Hachimura\hachiru01,PF,21,WAS,35,35,1028,7.0,14.3,.490,0.6,2.3,.277,6.4,12.0,.531,2.4,2.9,.821,1.9,5.4,7.3,1.9,1.0,0.2,1.2,2.7,17.1
188,Devon Hall\hallde01,SG,24,OKC,5,0,20,1.8,9.0,.200,0.0,3.6,.000,1.8,5.4,.333,5.4,7.2,.750,0.0,1.8,1.8,5.4,0.0,0.0,1.8,1.8,9.0
189,Donta Hall\halldo01,PF,22,DET,2,0,28,1.3,2.6,.500,0.0,0.0,,1.3,2.6,.500,3.9,5.1,.750,5.1,3.9,9.0,2.6,1.3,0.0,2.6,5.1,6.4
190,Dusty Hannahs\hannadu01,SG,26,MEM,2,0,13,11.1,24.9,.444,5.5,8.3,.667,5.5,16.6,.333,5.5,5.5,1.000,0.0,2.8,2.8,0.0,0.0,0.0,0.0,2.8,33.2
191,Tim Hardaway\hardati02,SG,27,DAL,57,44,1592,6.8,15.5,.438,3.6,8.9,.408,3.2,6.6,.479,2.4,3.1,.794,0.5,3.5,3.9,2.5,0.7,0.1,1.2,2.2,19.7
192,James Harden\hardeja01,SG,30,HOU,55,55,2020,10.0,22.5,.443,4.5,12.5,.363,5.4,10.0,.542,10.0,11.6,.863,1.1,5.2,6.3,7.2,1.6,0.9,4.3,3.3,34.5
193,Maurice Harkless\harklma01,SF,26,TOT,55,41,1262,3.6,6.9,.519,1.0,2.5,.391,2.6,4.4,.591,0.8,1.4,.563,1.4,4.8,6.2,1.6,1.5,0.9,1.4,3.7,8.9
193,Maurice Harkless\harklma01,SF,26,LAC,50,38,1141,3.5,6.8,.516,0.9,2.3,.370,2.7,4.5,.590,0.8,1.3,.571,1.5,4.8,6.3,1.5,1.5,0.9,1.5,3.8,8.7
193,Maurice Harkless\harklma01,SF,26,NYK,5,3,121,3.9,7.1,.542,2.1,4.2,.500,1.8,3.0,.600,0.9,1.8,.500,0.3,4.8,5.1,2.1,0.9,0.6,1.2,3.3,10.7
194,Jared Harper\harpeja01,PG,22,PHO,3,0,8,4.5,18.0,.250,0.0,9.0,.000,4.5,9.0,.500,0.0,0.0,,0.0,0.0,0.0,0.0,0.0,0.0,0.0,0.0,9.0
195,Montrezl Harrell\harremo01,C,26,LAC,58,2,1627,9.8,16.8,.580,0.0,0.4,.000,9.8,16.5,.592,4.4,6.8,.645,3.4,5.7,9.1,2.3,0.8,1.5,2.3,3.0,23.9
196,Gary Harris\harriga01,SG,25,DEN,50,49,1593,4.2,10.7,.398,1.3,4.4,.306,2.9,6.3,.462,1.5,1.9,.829,0.5,2.7,3.3,2.4,1.4,0.3,1.2,2.4,11.4
197,Joe Harris\harrijo01,SF,28,BRK,57,57,1780,5.9,12.8,.465,2.7,6.7,.405,3.2,6.0,.532,1.2,1.6,.740,1.1,3.9,5.0,2.4,0.7,0.3,1.7,2.6,15.8
198,Tobias Harris\harrito02,PF,27,PHI,60,60,2069,7.8,16.5,.474,1.8,5.1,.363,6.0,11.4,.523,2.5,3.1,.810,0.8,6.3,7.0,3.3,0.8,0.6,1.5,2.3,20.0
199,Shaquille Harrison\harrish01,SF,26,CHI,37,4,327,6.1,13.3,.455,0.8,3.1,.250,5.3,10.2,.516,3.2,4.2,.763,1.4,5.0,6.4,3.7,2.3,1.2,1.7,4.0,16.1
200,Josh Hart\hartjo01,SF,24,NOP,52,14,1448,4.6,10.9,.423,2.6,7.4,.357,2.0,3.5,.564,1.6,2.1,.741,1.2,7.2,8.4,2.0,1.4,0.5,1.4,3.4,13.4
201,Isaiah Hartenstein\harteis01,C,21,HOU,23,2,266,6.0,9.1,.657,0.0,0.7,.000,6.0,8.4,.710,2.6,3.8,.679,3.9,8.3,12.2,2.4,1.2,1.6,2.2,5.5,14.5
202,Udonis Haslem\hasleud01,PF,39,MIA,3,0,21,1.7,10.3,.167,0.0,3.4,.000,1.7,6.9,.250,5.1,6.9,.750,0.0,13.7,13.7,1.7,0.0,0.0,0.0,5.1,8.6
203,Jaxson Hayes\hayesja02,C,19,NOP,55,12,947,5.9,8.9,.662,0.0,0.2,.250,5.9,8.7,.670,4.1,6.6,.630,3.1,5.4,8.5,1.9,0.9,2.0,1.6,5.4,16.0
204,Gordon Hayward\haywago01,SF,29,BOS,41,41,1370,7.2,14.3,.505,1.7,4.4,.383,5.5,9.9,.558,2.3,2.7,.854,1.1,6.0,7.1,4.5,0.8,0.4,2.0,1.9,18.4
205,John Henson\hensojo01,PF,29,TOT,36,4,530,5.4,10.1,.541,0.5,2.2,.212,5.0,7.8,.635,1.5,2.7,.550,2.9,7.1,10.1,3.3,1.4,2.8,2.0,4.8,12.8
205,John Henson\hensojo01,PF,29,CLE,29,2,412,5.3,10.5,.508,0.5,2.7,.194,4.8,7.8,.618,1.5,2.9,.515,2.8,7.2,10.0,3.8,1.4,2.8,1.8,4.8,12.7
205,John Henson\hensojo01,PF,29,DET,7,2,118,5.8,8.5,.679,0.3,0.6,.500,5.5,7.9,.692,1.5,2.1,.714,3.4,7.0,10.4,1.5,1.5,2.7,2.4,4.6,13.4
206,Dewan Hernandez\hernade01,C,23,TOR,4,0,11,3.3,16.4,.200,0.0,3.3,.000,3.3,13.1,.250,6.5,6.5,1.000,6.5,16.4,22.9,0.0,3.3,0.0,3.3,19.6,13.1
207,Juan Hernangómez\hernaju01,PF,24,TOT,42,8,653,4.1,10.5,.393,1.8,5.3,.340,2.3,5.2,.447,2.0,3.0,.655,2.0,5.9,7.9,1.8,0.7,0.4,1.4,2.5,12.1
207,Juan Hernangómez\hernaju01,PF,24,DEN,34,0,422,3.2,9.4,.345,1.3,5.1,.250,2.0,4.3,.460,1.4,2.1,.640,2.0,6.1,8.1,1.9,0.4,0.4,1.5,2.5,9.1
207,Juan Hernangómez\hernaju01,PF,24,MIN,8,8,231,5.8,12.6,.457,2.8,5.8,.486,3.0,6.9,.432,3.1,4.7,.667,2.0,5.6,7.6,1.7,1.1,0.5,1.2,2.5,17.5
208,Willy Hernangómez\hernawi01,C,25,CHO,27,0,297,7.3,13.7,.531,0.6,2.4,.250,6.7,11.3,.591,3.6,6.2,.588,4.1,7.9,12.0,2.5,1.0,0.7,3.0,3.6,18.8
209,Tyler Herro\herroty01,SG,20,MIA,46,6,1273,6.2,15.0,.414,2.8,7.1,.393,3.4,7.8,.433,1.9,2.2,.835,0.4,4.9,5.3,2.6,0.8,0.2,2.0,1.6,17.1
210,Kevin Hervey\herveke01,PF,23,OKC,7,0,19,1.9,20.8,.091,0.0,15.2,.000,1.9,5.7,.333,0.0,0.0,,0.0,3.8,3.8,1.9,0.0,0.0,0.0,1.9,3.8
211,Mario Hezonja\hezonma01,PF,24,POR,41,4,660,3.3,8.7,.384,0.8,2.9,.278,2.5,5.7,.438,2.2,2.7,.816,1.3,6.4,7.7,1.7,1.4,0.3,1.6,4.7,9.7
212,Buddy Hield\hieldbu01,SG,27,SAC,59,44,1922,7.9,18.5,.429,4.2,10.7,.388,3.8,7.8,.484,2.0,2.4,.852,1.0,4.3,5.4,3.5,1.0,0.3,2.6,2.7,22.0
213,George Hill\hillge01,PG,33,MIL,49,0,1037,5.8,10.8,.540,2.5,5.0,.500,3.3,5.8,.575,2.3,2.7,.844,1.4,3.6,5.0,5.0,1.4,0.1,1.6,2.5,16.4
214,Solomon Hill\hillso01,SF,28,TOT,50,3,923,3.8,9.4,.408,2.2,5.9,.377,1.6,3.5,.461,1.0,1.5,.684,1.0,4.7,5.7,3.7,1.3,0.3,1.6,2.9,10.9
214,Solomon Hill\hillso01,SF,28,MEM,48,3,901,3.8,9.3,.412,2.2,5.9,.381,1.6,3.4,.465,1.0,1.5,.684,1.0,4.8,5.8,3.8,1.2,0.3,1.6,2.9,10.9
214,Solomon Hill\hillso01,SF,28,MIA,2,0,22,3.3,11.5,.286,1.6,6.5,.250,1.6,4.9,.333,0.0,0.0,,3.3,1.6,4.9,0.0,3.3,0.0,1.6,3.3,8.2
215,Jaylen Hoard\hoardja01,SF,20,POR,13,0,103,5.2,11.2,.469,0.0,1.0,.000,5.2,10.1,.517,2.8,4.5,.615,4.9,6.3,11.2,1.4,1.7,0.0,1.4,4.2,13.3
216,Aaron Holiday\holidaa01,PG,23,IND,52,21,1193,5.7,13.8,.415,2.3,5.6,.406,3.4,8.2,.421,1.7,1.9,.875,0.6,3.0,3.6,5.3,1.1,0.3,2.0,2.8,15.5
217,Jrue Holiday\holidjr01,SG,29,NOP,50,50,1735,7.9,17.7,.444,2.1,6.0,.353,5.7,11.7,.491,2.1,3.0,.708,1.2,3.6,4.8,7.1,1.8,0.9,3.1,2.2,20.0
218,Justin Holiday\holidju01,SG,30,IND,59,2,1494,4.1,9.5,.438,2.7,6.3,.424,1.5,3.2,.466,1.1,1.4,.776,0.7,4.0,4.7,2.1,1.5,0.9,0.8,2.5,12.0
219,Rondae Hollis-Jefferson\holliro01,SF,25,TOR,47,4,930,5.1,10.8,.475,0.1,0.7,.118,5.1,10.2,.498,3.5,4.8,.726,3.6,5.6,9.1,3.3,1.6,0.8,1.8,4.0,13.9
220,Richaun Holmes\holmeri01,C,26,SAC,37,33,1087,6.8,10.2,.660,0.0,0.0,,6.8,10.2,.660,2.5,3.1,.817,3.7,6.7,10.4,1.2,1.3,1.7,1.5,4.8,16.0
221,Rodney Hood\hoodro01,SF,27,POR,21,21,619,5.1,10.0,.506,2.0,4.1,.493,3.0,5.9,.515,1.2,1.6,.778,0.6,3.6,4.2,1.9,1.0,0.2,1.1,2.7,13.4
222,Al Horford\horfoal01,C,33,PHI,55,52,1685,5.5,12.7,.436,1.7,5.1,.332,3.8,7.5,.507,0.9,1.3,.721,1.7,6.1,7.8,4.6,1.0,1.0,1.2,2.5,13.7
223,Talen Horton-Tucker\hortota01,SG,19,LAL,2,0,5,0.0,7.2,.000,0.0,7.2,.000,0.0,0.0,,0.0,0.0,,0.0,0.0,0.0,14.4,7.2,0.0,0.0,0.0,0.0
224,Danuel House\houseda01,SF,26,HOU,52,41,1582,4.2,9.8,.426,2.4,6.3,.376,1.8,3.5,.516,1.5,1.8,.790,1.2,4.0,5.2,1.5,1.3,0.6,1.0,2.4,12.2
225,Dwight Howard\howardw01,C,34,LAL,57,2,1123,5.7,7.8,.740,0.1,0.2,.600,5.6,7.6,.743,2.6,5.5,.480,4.8,9.3,14.1,1.3,0.7,2.4,2.2,5.9,14.2
226,William Howard\howarwi01,SG,26,HOU,2,0,13,0.0,11.1,.000,0.0,11.1,.000,0.0,0.0,,0.0,0.0,,0.0,5.5,5.5,2.8,0.0,0.0,2.8,2.8,0.0
227,Kevin Huerter\huertke01,SG,21,ATL,50,42,1542,5.2,12.6,.413,2.7,6.9,.388,2.5,5.7,.443,1.1,1.4,.817,0.7,4.1,4.8,4.0,1.0,0.5,1.9,2.8,14.2
228,De'Andre Hunter\huntede01,SF,22,ATL,57,56,1810,5.1,12.4,.411,1.9,5.4,.348,3.2,6.9,.460,2.0,2.6,.777,0.7,4.1,4.9,2.0,0.8,0.3,1.8,3.1,14.0
229,Chandler Hutchison\hutchch01,SF,23,CHI,28,10,527,5.5,12.0,.457,0.8,2.6,.316,4.6,9.4,.496,3.1,5.3,.590,1.2,6.1,7.4,1.8,1.8,0.5,1.8,3.2,14.9
230,Serge Ibaka\ibakase01,C,30,TOR,47,24,1275,8.6,16.5,.518,1.7,4.3,.388,6.9,12.2,.564,2.3,3.1,.730,2.7,7.9,10.7,1.8,0.7,1.1,2.7,3.7,21.1
231,Andre Iguodala\iguodan01,SG,36,MIA,8,0,158,3.4,7.1,.484,1.4,3.6,.375,2.1,3.4,.600,0.2,0.9,.250,2.1,5.0,7.1,3.2,0.7,1.6,2.3,4.3,8.4
232,Ersan İlyasova\ilyaser01,PF,32,MIL,53,7,850,5.8,12.1,.476,1.9,5.1,.380,3.8,7.0,.545,2.6,3.1,.836,2.4,8.6,11.0,1.9,0.9,0.6,1.3,3.6,16.1
233,Joe Ingles\inglejo01,SF,32,UTA,59,37,1770,4.1,9.5,.431,2.3,5.9,.392,1.8,3.6,.497,1.3,1.6,.785,0.4,4.3,4.8,6.2,1.0,0.2,2.3,2.6,11.8
234,Brandon Ingram\ingrabr01,PF,22,NOP,51,51,1732,9.0,19.0,.476,2.7,6.7,.400,6.4,12.3,.517,5.6,6.5,.859,0.9,5.8,6.7,4.6,1.0,0.7,3.3,3.0,26.3
235,Kyrie Irving\irvinky01,PG,27,BRK,20,20,658,10.9,22.8,.478,3.1,7.8,.394,7.8,15.0,.522,5.1,5.6,.922,1.2,4.4,5.6,7.0,1.5,0.5,2.8,2.9,30.0
236,Jonathan Isaac\isaacjo01,SF,22,ORL,32,32,949,5.7,12.2,.463,1.1,3.5,.330,4.5,8.8,.515,2.1,2.8,.767,2.2,6.3,8.4,1.7,1.9,3.0,1.8,3.0,14.6
237,Wesley Iwundu\iwundwe01,SF,25,ORL,41,15,749,3.3,8.6,.382,1.0,3.0,.323,2.3,5.6,.414,2.6,3.2,.818,1.1,4.0,5.1,2.1,1.2,0.5,0.8,2.9,10.1
238,Frank Jackson\jacksfr01,PG,21,NOP,46,1,590,5.6,14.1,.398,2.0,6.5,.311,3.6,7.6,.472,2.7,3.5,.772,1.0,2.5,3.5,2.3,0.9,0.2,2.4,3.7,15.9
239,Jaren Jackson\jacksja02,C,20,MEM,54,54,1512,7.8,16.7,.468,3.2,8.1,.397,4.6,8.6,.535,2.9,4.0,.741,1.3,4.8,6.0,1.8,0.9,2.1,2.2,5.2,21.8
240,Josh Jackson\jacksjo02,SG,22,MEM,12,0,237,5.6,13.2,.425,1.5,5.6,.270,4.1,7.6,.540,2.6,3.6,.708,1.5,5.8,7.3,2.4,1.7,0.6,2.7,3.2,15.3
241,Justin Jackson\jacksju01,PF,24,DAL,52,2,825,5.0,12.4,.400,1.8,5.9,.301,3.2,6.5,.490,1.4,1.7,.825,1.0,4.6,5.6,1.5,0.4,0.3,0.5,2.4,13.2
242,Reggie Jackson\jacksre01,PG,29,TOT,18,11,460,7.0,17.6,.396,3.0,7.7,.384,4.0,9.9,.405,2.2,2.7,.800,1.2,3.2,4.4,7.0,0.8,0.2,2.3,2.3,19.1
242,Reggie Jackson\jacksre01,PG,29,DET,14,10,381,7.2,18.7,.384,2.9,7.7,.378,4.3,11.0,.388,2.5,3.1,.788,1.0,2.8,3.9,6.8,0.8,0.1,2.2,2.0,19.7
242,Reggie Jackson\jacksre01,PG,29,LAC,4,1,79,5.9,12.3,.481,3.2,7.7,.412,2.7,4.6,.600,0.9,0.9,1.000,1.8,5.0,6.8,8.2,0.9,0.5,2.7,4.1,15.9
243,Justin James\jamesju01,SG,23,SAC,33,0,217,5.5,12.9,.423,1.5,4.3,.346,4.0,8.6,.462,1.7,3.5,.476,1.0,4.0,5.0,2.7,1.0,1.5,1.3,2.7,14.1
244,LeBron James\jamesle01,PG,35,LAL,54,54,1884,10.0,20.3,.494,2.3,6.5,.349,7.7,13.8,.563,4.0,5.8,.691,1.0,7.0,8.0,10.9,1.3,0.5,4.1,1.8,26.3
245,Amile Jefferson\jeffeam01,PF,26,ORL,18,0,74,2.4,6.8,.357,0.0,0.0,,2.4,6.8,.357,2.4,6.8,.357,4.9,6.3,11.2,1.9,0.5,1.5,1.5,3.4,7.3
246,DaQuan Jeffries\jeffrda01,SG,22,SAC,6,0,19,5.7,13.3,.429,1.9,7.6,.250,3.8,5.7,.667,0.0,0.0,,1.9,0.0,1.9,1.9,1.9,0.0,0.0,5.7,13.3
247,Ty Jerome\jeromty01,PG,22,PHO,24,0,271,4.5,12.5,.362,1.5,5.3,.275,3.1,7.2,.426,1.5,1.9,.786,0.8,4.3,5.0,5.2,1.9,0.4,2.4,3.3,12.0
248,Alize Johnson\johnsal02,SF,23,IND,12,0,50,5.0,10.8,.467,0.0,0.0,,5.0,10.8,.467,2.9,4.3,.667,5.0,7.2,12.2,1.4,0.0,0.0,1.4,4.3,13.0
249,B.J. Johnson\johnsbj01,SF,24,ORL,8,0,46,3.9,14.1,.278,0.8,4.7,.167,3.1,9.4,.333,1.6,1.6,1.000,0.8,3.9,4.7,1.6,1.6,0.0,2.3,0.0,10.2
250,Cameron Johnson\johnsca02,PF,23,PHO,47,1,936,4.9,11.6,.422,3.3,8.1,.405,1.6,3.5,.462,1.2,1.6,.762,1.5,3.6,5.1,1.8,1.1,0.5,1.1,2.6,14.3
251,James Johnson\johnsja01,PF,32,TOT,26,1,483,5.6,11.9,.472,1.8,5.3,.338,3.8,6.6,.580,1.9,2.8,.658,1.2,5.6,6.8,3.6,1.3,2.0,2.8,4.8,14.8
251,James Johnson\johnsja01,PF,32,MIA,18,0,281,5.0,11.1,.448,2.0,5.8,.356,2.9,5.4,.548,1.0,1.8,.571,1.0,5.6,6.7,2.7,0.8,1.7,1.9,4.4,13.1
251,James Johnson\johnsja01,PF,32,MIN,8,1,202,6.4,12.8,.500,1.4,4.6,.308,5.0,8.2,.609,3.0,4.3,.708,1.4,5.5,7.0,4.8,2.1,2.5,3.9,5.5,17.3
252,Keldon Johnson\johnske04,SF,20,SAS,5,0,25,8.6,21.6,.400,0.0,1.4,.000,8.6,20.2,.429,1.4,2.9,.500,2.9,5.8,8.6,4.3,0.0,0.0,1.4,2.9,18.7
253,Stanley Johnson\johnsst04,PF,23,TOR,19,0,95,3.0,11.4,.267,0.8,4.9,.154,2.3,6.4,.353,1.9,2.3,.833,1.1,7.2,8.3,3.0,1.5,0.8,3.0,3.8,8.7
254,Tyler Johnson\johnsty01,SG,27,PHO,31,3,515,4.5,12.0,.380,1.7,5.8,.289,2.9,6.2,.466,1.7,2.2,.750,0.7,2.9,3.6,3.5,0.8,0.6,1.7,3.0,12.4
255,Nikola Jokić\jokicni01,C,24,DEN,59,59,1907,9.0,17.0,.531,1.3,4.0,.329,7.7,13.0,.593,3.9,4.7,.816,2.6,8.5,11.2,7.5,1.4,0.8,3.4,3.4,23.2
256,Damian Jones\jonesda03,C,24,ATL,52,27,858,5.0,7.3,.682,0.1,0.3,.250,4.9,6.9,.703,2.6,3.5,.738,3.0,5.3,8.3,1.3,1.1,1.6,1.2,6.0,12.6
257,Derrick Jones\jonesde02,SF,22,MIA,45,9,1107,4.6,9.1,.509,0.9,3.4,.276,3.7,5.7,.649,2.7,3.3,.796,1.6,4.4,6.0,1.5,1.6,1.0,0.8,3.2,12.8
258,Tyus Jones\jonesty01,PG,23,MEM,59,6,1112,5.6,12.0,.468,1.2,3.3,.376,4.4,8.8,.502,1.1,1.5,.723,0.3,2.7,2.9,8.4,1.6,0.2,1.7,1.2,13.6
259,DeAndre Jordan\jordade01,C,31,BRK,50,4,1087,5.7,8.6,.668,0.0,0.0,,5.7,8.6,.668,2.5,3.6,.694,4.2,12.2,16.4,3.1,0.6,1.6,2.3,3.2,13.9
260,Cory Joseph\josepco01,PG,28,SAC,59,22,1442,3.6,8.7,.415,1.1,3.1,.349,2.5,5.6,.453,1.1,1.3,.815,0.8,2.9,3.8,5.1,1.0,0.4,1.5,2.8,9.4
261,Mfiondu Kabengele\kabenmf01,C,22,LAC,12,0,64,7.9,18.0,.438,5.1,11.3,.450,2.8,6.8,.417,2.8,2.8,1.000,0.6,5.6,6.2,1.1,1.1,1.1,1.1,5.1,23.6
262,Frank Kaminsky\kaminfr01,C,26,PHO,32,13,718,6.4,14.0,.455,2.0,5.6,.348,4.4,8.4,.527,3.0,4.4,.670,1.5,6.4,7.9,3.6,0.7,0.5,1.7,3.5,17.6
263,Enes Kanter\kanteen01,C,27,BOS,46,6,835,7.3,12.5,.581,0.0,0.3,.143,7.2,12.2,.592,2.5,3.5,.707,5.6,10.2,15.8,1.9,0.8,1.6,2.2,3.6,17.1
264,Luke Kennard\kennalu01,SG,23,DET,28,25,922,5.9,13.4,.442,2.9,7.1,.399,3.0,6.2,.491,2.6,2.9,.893,0.4,3.5,3.8,4.5,0.5,0.2,1.7,2.5,17.3
265,Stanton Kidd\kiddst01,SF,27,UTA,4,0,15,0.0,7.2,.000,0.0,2.4,.000,0.0,4.8,.000,0.0,0.0,,0.0,7.2,7.2,2.4,0.0,0.0,4.8,7.2,0.0
266,Michael Kidd-Gilchrist\kiddgmi01,PF-SF,26,TOT,17,0,206,3.3,10.0,.333,0.9,3.1,.278,2.4,6.8,.359,1.2,1.6,.778,1.9,6.6,8.6,2.1,0.2,0.9,1.6,4.7,8.7
266,Michael Kidd-Gilchrist\kiddgmi01,PF,26,CHO,12,0,160,4.1,11.9,.340,1.1,3.8,.294,2.9,8.1,.361,1.6,2.0,.778,2.0,5.9,7.9,2.3,0.0,0.7,1.6,4.1,10.8
266,Michael Kidd-Gilchrist\kiddgmi01,SF,26,DAL,5,0,46,0.8,3.1,.250,0.0,0.8,.000,0.8,2.3,.333,0.0,0.0,,1.6,9.4,11.0,1.6,0.8,1.6,1.6,7.0,1.6
267,Louis King\kinglo02,SF,20,DET,10,0,62,4.6,12.2,.381,2.3,6.4,.364,2.3,5.8,.400,0.0,1.7,.000,0.6,5.2,5.8,2.9,1.2,0.0,1.2,5.8,11.6
268,Maxi Kleber\klebima01,C,28,DAL,59,16,1472,4.7,10.1,.465,2.3,6.1,.382,2.4,4.0,.591,1.6,1.9,.859,2.3,5.3,7.6,1.5,0.4,1.7,1.0,3.3,13.4
269,Brandon Knight\knighbr03,PG,28,TOT,21,0,336,4.7,13.3,.355,3.4,10.5,.327,1.3,2.8,.462,1.1,2.3,.476,0.3,2.6,2.9,4.9,0.9,0.2,3.0,3.1,13.9
269,Brandon Knight\knighbr03,PG,28,CLE,16,0,241,4.2,12.8,.326,2.8,9.6,.297,1.3,3.3,.409,0.6,1.9,.308,0.4,2.5,3.0,4.6,0.7,0.3,2.4,3.0,11.8
269,Brandon Knight\knighbr03,PG,28,DET,5,0,95,6.1,14.4,.421,4.9,12.9,.382,1.1,1.5,.750,2.3,3.0,.750,0.0,2.7,2.7,5.7,1.1,0.0,4.5,3.4,19.3
270,Kevin Knox\knoxke01,SF,20,NYK,58,4,1049,4.5,12.3,.362,2.0,6.2,.319,2.5,6.1,.407,2.0,3.2,.641,0.7,4.8,5.5,1.9,0.7,0.8,1.3,3.2,12.9
271,John Konchar\konchjo01,SG,23,MEM,9,0,74,4.9,7.3,.667,0.0,1.9,.000,4.9,5.4,.909,0.5,1.0,.500,2.9,5.4,8.3,4.4,1.9,0.5,1.0,1.0,10.2
272,Furkan Korkmaz\korkmfu01,SG,22,PHI,59,12,1276,5.9,13.4,.437,3.3,8.3,.395,2.6,5.1,.505,1.3,1.7,.726,0.5,3.4,3.8,1.7,0.9,0.4,1.2,2.2,16.3
273,Luke Kornet\kornelu01,C,24,CHI,36,14,559,5.3,12.0,.439,2.0,7.0,.287,3.3,5.1,.646,1.3,1.8,.714,1.4,4.0,5.4,2.1,0.7,1.7,0.9,3.5,13.8
274,Kyle Korver\korveky01,SF,38,MIL,47,0,782,4.6,10.9,.418,3.5,8.7,.407,1.0,2.2,.458,1.2,1.4,.839,0.6,3.9,4.5,2.5,0.9,0.5,1.8,2.8,13.9
275,Rodions Kurucs\kurucro01,PF,21,BRK,35,4,448,4.6,9.7,.471,2.0,4.6,.439,2.6,5.1,.500,1.1,1.8,.636,1.3,5.6,6.9,2.3,1.2,0.2,2.7,4.7,12.3
276,Kyle Kuzma\kuzmaky01,PF,24,LAL,48,6,1177,6.9,15.9,.435,2.0,6.4,.316,4.9,9.5,.514,2.6,3.6,.729,1.3,5.0,6.3,2.0,0.6,0.6,2.4,2.8,18.5
277,Skal Labissière\labissk01,C,23,POR,33,1,567,5.1,9.3,.551,0.2,0.8,.231,5.0,8.5,.582,1.6,2.1,.758,4.1,6.6,10.7,2.7,0.4,2.0,1.9,5.7,12.1
278,Jeremy Lamb\lambje01,SG,27,IND,46,42,1291,6.0,13.4,.451,1.5,4.4,.335,4.5,9.0,.508,2.6,3.1,.836,0.7,4.9,5.6,2.7,1.5,0.6,1.4,2.9,16.1
279,Romeo Langford\langfro01,SG,20,BOS,21,1,232,3.3,7.8,.420,0.8,3.1,.250,2.5,4.7,.533,2.2,3.3,.667,1.1,2.0,3.1,0.6,0.9,0.9,1.1,3.6,9.5
280,Zach LaVine\lavinza01,SG,24,CHI,59,59,2048,9.3,20.6,.451,3.2,8.4,.378,6.1,12.3,.500,4.7,5.8,.809,0.7,4.3,5.0,4.3,1.5,0.5,3.6,2.2,26.4
281,Vic Law\lawvi01,SF,24,ORL,3,0,4,0.0,18.0,.000,0.0,9.0,.000,0.0,9.0,.000,0.0,18.0,.000,0.0,0.0,0.0,0.0,0.0,0.0,0.0,0.0,0.0
282,Jake Layman\laymaja01,PF,25,MIN,17,2,409,5.8,13.1,.443,1.8,5.5,.339,4.0,7.7,.517,1.1,1.7,.684,1.1,3.1,4.1,1.1,1.3,0.9,1.8,3.4,14.6
283,T.J. Leaf\leaftj01,PF,22,IND,24,1,190,5.7,13.1,.435,0.9,2.7,.357,4.7,10.4,.455,1.3,2.3,.583,4.0,8.1,12.1,1.1,1.5,0.6,1.3,3.4,13.6
284,Jalen Lecque\lecquja01,PG,19,PHO,4,0,26,5.5,13.8,.400,0.0,5.5,.000,5.5,8.3,.667,2.8,2.8,1.000,0.0,0.0,0.0,2.8,0.0,0.0,1.4,2.8,13.8
285,Courtney Lee\leeco01,SG,34,DAL,17,4,186,4.5,9.3,.479,2.7,6.2,.438,1.7,3.1,.563,0.2,0.4,.500,0.6,3.1,3.7,1.7,1.5,0.8,1.0,3.7,11.8
286,Damion Lee\leeda03,SG,27,GSW,43,30,1218,5.4,12.9,.416,2.1,5.8,.357,3.3,7.2,.463,2.9,3.3,.883,0.9,5.3,6.2,3.3,1.2,0.1,1.8,3.0,15.7
287,Alex Len\lenal01,C,26,TOT,44,9,814,6.6,12.1,.547,0.6,2.5,.250,6.0,9.6,.624,2.4,3.8,.640,3.5,8.0,11.5,2.0,1.0,1.7,2.0,4.5,16.3
287,Alex Len\lenal01,C,26,ATL,40,9,745,6.9,12.6,.546,0.7,2.7,.250,6.2,9.9,.627,2.5,3.9,.630,3.3,7.8,11.1,2.0,1.0,1.6,1.9,4.5,16.9
287,Alex Len\lenal01,C,26,SAC,4,0,69,4.2,7.3,.571,0.0,0.0,,4.2,7.3,.571,2.1,2.6,.800,5.7,9.9,15.7,2.1,1.0,2.6,3.1,4.7,10.4
288,Kawhi Leonard\leonaka01,SF,28,LAC,46,46,1486,10.4,22.5,.464,2.3,6.3,.365,8.1,16.2,.502,6.9,7.6,.898,1.2,7.2,8.4,5.8,2.1,0.7,3.2,2.2,30.0
289,Meyers Leonard\leoname01,C,27,MIA,49,49,987,4.2,8.1,.520,1.9,4.3,.429,2.4,3.8,.625,0.6,0.9,.654,1.0,8.1,9.0,1.9,0.5,0.5,1.3,3.8,10.9
290,Caris LeVert\leverca01,SG,25,BRK,33,19,927,7.7,19.3,.400,2.2,5.8,.376,5.6,13.5,.411,3.3,4.6,.723,1.2,3.6,4.8,4.9,1.5,0.2,3.2,2.5,21.0
291,Damian Lillard\lillada01,PG,29,POR,54,54,1996,9.1,19.9,.460,3.8,9.7,.393,5.3,10.2,.524,6.6,7.5,.889,0.5,3.7,4.2,7.7,0.9,0.3,2.8,1.6,28.7
292,Nassir Little\littlna01,PF,19,POR,43,5,544,3.9,9.2,.424,0.9,3.6,.255,3.0,5.6,.536,1.7,2.7,.634,2.1,5.0,7.0,1.4,0.7,0.9,1.0,4.5,10.5
293,Kevon Looney\looneke01,C,23,GSW,19,4,247,3.6,10.8,.338,0.1,1.9,.077,3.5,8.9,.393,1.0,1.5,.700,3.8,5.0,8.7,2.5,1.7,0.9,1.7,4.8,8.5
294,Brook Lopez\lopezbr01,C,31,MIL,56,55,1487,5.3,12.6,.422,1.8,6.3,.290,3.5,6.2,.556,2.1,2.5,.833,0.9,5.1,6.0,2.2,1.0,3.4,1.4,3.1,14.5
295,Robin Lopez\lopezro01,C,31,MIL,55,3,780,5.9,11.5,.510,1.3,4.1,.330,4.5,7.4,.609,1.1,2.0,.535,2.2,3.9,6.0,1.7,0.4,1.8,2.2,3.2,14.1
296,Kevin Love\loveke01,PF,31,CLE,50,50,1559,6.7,14.8,.449,2.9,7.8,.375,3.7,7.0,.531,3.7,4.3,.850,1.0,10.1,11.1,3.5,0.7,0.4,2.9,1.8,19.9
297,Kyle Lowry\lowryky01,PG,33,TOR,47,47,1714,5.8,13.9,.415,2.8,8.0,.350,3.0,5.9,.502,4.7,5.5,.854,0.6,4.1,4.7,7.6,1.3,0.5,2.9,3.2,19.0
298,Timothé Luwawu-Cabarrot\luwawti01,SG,24,BRK,33,0,517,4.2,10.2,.415,2.2,5.4,.403,2.1,4.9,.429,2.4,3.0,.791,1.2,4.0,5.2,1.1,0.9,0.3,1.8,4.2,13.0
299,Trey Lyles\lylestr01,PF,24,SAS,57,47,1065,4.1,9.3,.438,1.7,4.5,.366,2.4,4.7,.507,0.8,1.1,.676,2.3,8.6,10.9,2.0,0.6,0.7,1.2,2.9,10.5
300,Daryl Macon\maconda01,SG,24,MIA,4,0,14,2.6,7.7,.333,2.6,5.1,.500,0.0,2.6,.000,0.0,0.0,,0.0,0.0,0.0,2.6,0.0,0.0,5.1,2.6,7.7
301,J.P. Macura\macurjp01,SG,24,CLE,1,0,1,0.0,0.0,,0.0,0.0,,0.0,0.0,,0.0,0.0,,0.0,0.0,0.0,0.0,0.0,0.0,0.0,0.0,0.0
302,Josh Magette\magetjo01,PG,30,ORL,8,0,38,4.7,14.2,.333,0.9,3.8,.250,3.8,10.4,.364,0.9,1.9,.500,0.9,4.7,5.7,4.7,2.8,0.9,4.7,3.8,11.4
303,Ian Mahinmi\mahinia01,C,33,WAS,38,35,808,4.6,9.4,.495,0.2,1.2,.192,4.4,8.2,.538,3.1,5.0,.619,3.5,6.2,9.7,2.2,1.4,2.0,2.0,5.1,12.6
304,Thon Maker\makerth01,C,22,DET,56,13,710,4.4,8.7,.500,1.0,2.9,.345,3.3,5.8,.579,3.4,5.2,.667,2.5,5.3,7.8,1.9,1.1,1.8,2.2,4.7,13.2
305,Terance Mann\mannte01,SG,23,LAC,35,6,271,2.9,7.2,.407,0.4,1.6,.250,2.5,5.6,.452,1.2,1.6,.750,0.5,3.9,4.4,5.0,1.1,0.7,1.9,4.8,7.4
306,Boban Marjanović\marjabo01,C,31,DAL,30,1,263,9.6,17.5,.547,0.4,1.5,.273,9.2,16.0,.573,3.7,5.1,.730,5.1,10.8,15.9,1.5,0.5,0.8,2.9,5.6,23.3
307,Lauri Markkanen\markkla01,PF,22,CHI,46,46,1395,6.0,14.2,.424,2.6,7.6,.344,3.4,6.6,.516,3.2,3.8,.826,1.5,6.2,7.7,1.8,1.0,0.6,2.0,2.4,17.8
308,Caleb Martin\martica02,SF,24,CHO,12,1,159,3.2,9.1,.350,1.4,3.4,.400,1.8,5.7,.320,0.9,1.6,.571,1.4,4.1,5.4,2.7,0.7,0.9,1.8,4.1,8.6
309,Cody Martin\martico01,SF,24,CHO,42,1,710,3.6,8.7,.415,0.7,3.2,.219,2.9,5.4,.533,1.8,2.8,.643,1.7,5.0,6.6,3.3,1.6,0.4,1.7,3.2,9.7
310,Jeremiah Martin\martije02,PG,23,BRK,2,0,11,3.3,13.1,.250,0.0,0.0,,3.3,13.1,.250,0.0,0.0,,0.0,3.3,3.3,3.3,3.3,0.0,0.0,0.0,6.5
311,Kelan Martin\martike03,SF,24,MIN,27,4,461,5.2,13.1,.393,1.8,6.9,.261,3.4,6.2,.538,2.0,2.0,1.000,0.9,6.0,6.9,1.6,0.5,0.7,1.3,3.8,14.1
312,Frank Mason\masonfr01,PG,25,MIL,4,0,18,2.0,14.0,.143,2.0,8.0,.250,0.0,6.0,.000,4.0,8.0,.500,2.0,2.0,4.0,10.0,2.0,0.0,2.0,4.0,10.0
313,Garrison Mathews\mathega01,SG,23,WAS,16,0,202,4.1,8.9,.460,3.2,7.5,.429,0.9,1.4,.625,5.2,5.7,.906,1.1,3.0,4.1,1.8,0.5,0.2,1.2,4.6,16.6
314,Wesley Matthews\matthwe02,SG,33,MIL,56,56,1374,3.8,9.2,.409,2.4,6.4,.378,1.3,2.8,.481,1.2,1.5,.759,0.4,3.2,3.6,2.2,0.8,0.2,1.0,2.1,11.1
315,Patrick McCaw\mccawpa01,SF,24,TOR,32,11,767,2.8,6.7,.420,1.0,2.8,.350,1.8,3.9,.470,0.6,0.8,.750,0.9,2.4,3.3,3.3,1.6,0.2,1.2,2.3,7.2
316,CJ McCollum\mccolcj01,SG,28,POR,56,56,2012,8.7,19.5,.446,2.8,7.3,.384,5.9,12.2,.484,1.8,2.5,.745,0.6,3.4,4.0,4.2,0.7,0.6,1.9,2.5,22.0
317,T.J. McConnell\mccontj01,PG,27,IND,57,3,1079,5.7,10.9,.521,0.1,0.4,.308,5.5,10.4,.530,1.0,1.2,.829,1.0,4.0,4.9,9.7,1.3,0.4,2.6,2.0,12.4
318,Jalen McDaniels\mcdanja01,PF,22,CHO,10,0,169,4.0,8.9,.452,1.5,3.6,.412,2.6,5.3,.480,1.9,2.6,.750,1.5,7.2,8.7,0.9,1.5,0.4,1.3,4.3,11.5
319,Doug McDermott\mcderdo01,PF,28,IND,59,0,1195,6.8,14.2,.482,3.3,7.7,.433,3.5,6.5,.539,1.2,1.5,.816,0.7,3.8,4.5,2.0,0.2,0.1,1.1,3.0,18.2
320,JaVale McGee\mcgeeja01,C,32,LAL,55,55,918,6.6,10.2,.646,0.1,0.2,.500,6.5,10.0,.650,1.8,2.7,.652,4.0,8.7,12.7,1.3,1.1,3.2,1.7,5.1,15.1
321,Rodney McGruder\mcgruro01,SG,28,LAC,46,3,719,3.0,7.6,.391,1.1,3.8,.276,1.9,3.8,.507,0.7,1.3,.500,1.3,4.9,6.2,1.5,1.1,0.4,1.0,3.3,7.6
322,Alfonzo McKinnie\mckinal01,SF,27,CLE,37,1,531,4.3,10.3,.414,0.8,4.0,.203,3.5,6.3,.548,1.4,2.0,.690,2.1,4.8,6.9,0.9,1.4,0.4,1.6,4.3,10.7
323,Jordan McLaughlin\mclaujo01,PG,23,MIN,24,2,463,5.1,10.8,.468,2.0,5.0,.406,3.0,5.8,.520,1.6,2.3,.724,0.3,2.9,3.2,7.4,2.0,0.3,1.5,1.8,13.8
324,Ben McLemore\mclembe01,SG,26,HOU,58,18,1364,5.4,11.9,.449,3.9,9.9,.396,1.4,2.0,.711,1.2,1.6,.750,0.5,3.0,3.5,1.3,0.9,0.3,1.2,3.2,15.8
325,Jordan McRae\mcraejo01,SG,28,TOT,33,4,686,7.1,17.0,.418,2.2,5.8,.382,4.9,11.2,.437,3.5,4.6,.770,0.9,4.8,5.7,4.5,1.1,0.8,2.0,3.3,19.9
325,Jordan McRae\mcraejo01,SG,28,WAS,29,4,654,7.3,17.4,.420,2.2,5.8,.377,5.1,11.6,.441,3.5,4.6,.771,0.9,4.8,5.7,4.5,1.0,0.8,2.1,3.4,20.4
325,Jordan McRae\mcraejo01,SG,28,DEN,4,0,32,2.3,6.8,.333,2.3,4.5,.500,0.0,2.3,.000,3.4,4.5,.750,1.1,4.5,5.6,4.5,2.3,1.1,0.0,2.3,10.1
326,Nicolò Melli\mellini01,C,29,NOP,47,6,774,5.3,11.1,.473,2.8,7.1,.395,2.5,4.0,.609,1.4,1.9,.756,1.5,5.1,6.6,2.5,1.2,0.8,1.8,4.2,14.7
327,De'Anthony Melton\meltode01,PG,21,MEM,46,2,869,5.5,12.8,.432,1.2,3.9,.301,4.3,8.9,.488,3.4,4.2,.822,1.4,5.7,7.0,5.8,2.3,0.6,2.9,3.6,15.6
328,Chimezie Metu\metuch01,PF,22,SAS,16,0,73,9.9,17.3,.571,0.0,0.5,.000,9.9,16.8,.588,3.0,3.9,.750,4.9,7.9,12.8,3.0,0.5,2.0,2.5,2.0,22.7
329,Khris Middleton\middlkh01,SF,28,MIL,51,48,1525,9.3,18.2,.508,2.9,6.7,.438,6.4,11.6,.549,3.9,4.3,.907,0.9,6.6,7.5,5.1,1.2,0.2,2.4,2.7,25.4
330,Eric Mika\mikaer01,PF,25,SAC,1,0,19,3.8,5.7,.667,0.0,0.0,,3.8,5.7,.667,3.8,3.8,1.000,3.8,9.5,13.3,0.0,0.0,0.0,0.0,9.5,11.4
331,C.J. Miles\milescj01,SG,32,WAS,10,0,161,4.2,13.2,.322,2.5,7.8,.314,1.8,5.4,.333,3.4,4.5,.750,0.9,1.8,2.7,2.7,2.2,0.9,0.9,3.1,14.3
332,Malcolm Miller\millema01,SF,26,TOR,24,1,124,2.3,6.7,.348,1.7,5.2,.333,0.6,1.5,.400,0.3,1.7,.167,0.3,3.8,4.1,2.3,1.2,0.6,0.9,3.5,6.7
333,Patty Mills\millspa02,PG,31,SAS,57,1,1309,6.2,14.5,.423,3.7,9.8,.382,2.4,4.8,.509,2.2,2.6,.842,0.5,2.1,2.6,2.9,1.3,0.1,1.3,2.3,18.3
334,Paul Millsap\millspa01,PF,34,DEN,39,36,948,6.1,12.8,.479,1.6,3.6,.438,4.5,9.1,.496,3.6,4.3,.850,2.8,5.8,8.7,2.3,1.3,1.0,1.9,4.2,17.5
335,Shake Milton\miltosh01,SG,23,PHI,27,11,459,5.6,12.0,.471,2.7,6.2,.430,3.0,5.8,.514,2.2,2.7,.800,0.6,3.9,4.5,3.9,0.9,0.4,2.2,3.9,16.2
336,Donovan Mitchell\mitchdo01,SG,23,UTA,58,58,1996,9.5,20.8,.458,2.6,7.1,.367,6.9,13.7,.505,4.2,4.9,.854,0.7,3.8,4.6,4.4,1.1,0.2,2.8,2.6,25.9
337,Naz Mitrou-Long\mitrona01,SG,26,IND,3,0,43,5.0,13.4,.375,1.7,9.2,.182,3.3,4.2,.800,0.0,0.0,,0.0,5.0,5.0,5.9,0.8,0.8,1.7,0.8,11.7
338,Adam Mokoka\mokokad01,SG,21,CHI,9,0,76,3.8,9.5,.400,1.9,4.7,.400,1.9,4.7,.400,0.0,0.9,.000,2.8,1.4,4.3,1.4,0.9,0.0,0.5,5.2,9.5
339,Malik Monk\monkma01,SG,21,CHO,55,1,1169,6.5,15.0,.434,1.8,6.3,.284,4.7,8.7,.542,2.5,3.1,.820,0.8,4.0,4.8,3.5,0.8,0.5,2.4,2.3,17.4
340,Matt Mooney\moonema01,SG,22,CLE,2,0,5,7.2,14.4,.500,0.0,7.2,.000,7.2,7.2,1.000,0.0,0.0,,0.0,7.2,7.2,7.2,0.0,7.2,0.0,7.2,14.4
341,E'Twaun Moore\mooreet01,SG,30,NOP,46,5,884,6.8,15.8,.429,2.4,6.2,.382,4.4,9.6,.460,1.1,1.7,.659,1.2,3.5,4.6,2.8,1.1,0.4,1.4,2.9,17.0
342,Ja Morant\moranja01,PG,20,MEM,53,53,1586,8.0,16.3,.489,0.9,2.7,.336,7.1,13.6,.519,4.2,5.4,.775,0.8,3.3,4.0,8.3,1.1,0.3,3.9,1.9,21.1
343,Juwan Morgan\morgaju01,PF,22,UTA,16,0,74,4.4,8.3,.529,0.5,2.4,.200,3.9,5.8,.667,0.0,0.0,,2.4,6.8,9.2,1.0,0.0,0.5,1.5,3.4,9.2
344,Marcus Morris\morrima03,SF-PF,30,TOT,50,50,1597,7.0,16.1,.437,2.9,6.8,.423,4.1,9.3,.447,3.8,4.6,.824,1.2,4.7,5.9,1.6,0.9,0.5,1.9,3.3,20.7
344,Marcus Morris\morrima03,SF,30,NYK,43,43,1387,7.3,16.5,.442,3.0,6.9,.439,4.3,9.7,.444,4.2,5.1,.823,1.2,4.8,6.0,1.5,0.9,0.4,1.9,3.3,21.8
344,Marcus Morris\morrima03,PF,30,LAC,7,7,210,5.1,13.0,.395,1.9,6.2,.306,3.3,6.9,.475,0.9,1.0,.833,0.7,4.3,5.0,2.1,1.0,1.2,2.2,2.9,13.0
345,Markieff Morris\morrima02,PF,30,TOT,46,16,1022,6.3,14.0,.451,2.7,6.8,.399,3.6,7.2,.500,2.2,2.9,.778,1.0,5.3,6.3,2.5,0.9,0.4,2.5,3.8,17.5
345,Markieff Morris\morrima02,PF,30,DET,44,16,988,6.4,14.2,.450,2.7,6.9,.397,3.6,7.3,.500,2.2,2.9,.772,0.9,5.4,6.3,2.5,0.9,0.4,2.6,3.8,17.7
345,Markieff Morris\morrima02,PF,30,LAL,2,0,34,4.2,8.5,.500,2.1,4.2,.500,2.1,4.2,.500,2.1,2.1,1.000,3.2,2.1,5.3,1.1,0.0,1.1,1.1,5.3,12.7
346,Monte Morris\morrimo01,PG,24,DEN,59,8,1262,5.8,12.6,.464,1.4,3.7,.383,4.4,8.9,.497,1.3,1.6,.800,0.6,2.5,3.0,6.1,1.4,0.3,1.1,1.7,14.3
347,Johnathan Motley\motlejo01,PF,24,LAC,13,0,41,9.7,13.2,.733,0.9,0.9,1.000,8.8,12.3,.714,4.4,6.1,.714,2.6,6.1,8.8,7.0,2.6,0.0,4.4,5.3,24.6
348,Emmanuel Mudiay\mudiaem01,PG,23,UTA,47,1,748,6.5,13.8,.470,1.3,3.6,.360,5.2,10.2,.509,2.5,3.3,.754,0.8,4.7,5.5,5.1,0.9,0.5,3.1,3.0,16.8
349,Mychal Mulder\muldemy01,SG,25,GSW,1,0,22,1.6,9.8,.167,0.0,8.2,.000,1.6,1.6,1.000,0.0,0.0,,0.0,6.5,6.5,0.0,0.0,0.0,0.0,0.0,3.3
350,Dejounte Murray\murrade01,PG,23,SAS,53,45,1307,6.2,13.0,.476,0.8,2.1,.377,5.4,10.9,.495,2.0,2.5,.800,1.7,6.8,8.5,5.8,2.4,0.4,2.7,3.1,15.1
351,Jamal Murray\murraja01,PG,22,DEN,49,49,1587,7.8,17.0,.456,2.0,5.9,.341,5.8,11.2,.516,3.3,3.7,.889,0.8,3.5,4.3,5.3,1.4,0.3,2.5,1.9,20.8
352,Džanan Musa\musadz01,SF,20,BRK,35,0,404,4.5,12.4,.360,1.3,5.8,.231,3.1,6.6,.473,2.9,3.9,.750,1.7,4.6,6.3,2.8,1.2,0.1,2.6,2.2,13.2
353,Mike Muscala\muscami01,C,28,OKC,39,0,481,4.8,11.8,.405,3.2,8.9,.361,1.6,2.9,.538,1.3,1.6,.818,1.0,5.9,6.9,2.5,0.5,0.8,1.0,3.4,14.1
354,Sviatoslav Mykhailiuk\mykhasv01,SF,22,DET,51,22,1128,4.8,11.2,.423,3.3,7.9,.413,1.5,3.4,.448,1.6,1.8,.860,0.5,2.2,2.7,2.7,1.1,0.1,1.7,2.4,14.3
355,Abdel Nader\naderab01,SF,26,OKC,44,5,684,4.8,10.4,.460,1.8,5.1,.365,2.9,5.4,.549,2.4,3.0,.789,0.6,3.3,3.9,1.6,0.9,0.7,1.8,3.2,13.8
356,Larry Nance\nancela02,C,27,CLE,50,8,1262,5.6,10.6,.531,1.3,3.9,.341,4.3,6.6,.644,1.1,1.7,.678,2.7,7.9,10.5,2.8,1.2,0.6,1.5,2.3,13.7
357,Shabazz Napier\napiesh01,PG,28,TOT,45,24,1054,5.0,12.3,.407,2.0,6.7,.308,2.9,5.6,.524,3.1,3.8,.827,0.8,3.6,4.4,7.6,1.8,0.3,3.2,2.7,15.1
357,Shabazz Napier\napiesh01,PG,28,MIN,36,22,856,4.8,11.9,.403,2.0,6.7,.296,2.8,5.2,.540,3.0,3.7,.818,0.7,3.9,4.6,7.9,1.7,0.3,3.2,2.6,14.6
357,Shabazz Napier\napiesh01,PG,28,WAS,9,2,198,5.8,13.8,.421,2.4,6.5,.361,3.5,7.3,.475,3.5,4.0,.864,1.1,2.2,3.3,6.4,2.5,0.2,3.3,3.3,17.5
358,Raul Neto\netora01,PG,27,PHI,46,3,515,4.8,11.0,.430,1.7,4.5,.369,3.1,6.5,.473,1.3,1.5,.818,0.8,2.7,3.5,4.8,1.5,0.3,2.5,2.7,12.4
359,Malik Newman\newmama01,SG,22,CLE,1,0,4,0.0,18.0,.000,0.0,9.0,.000,0.0,9.0,.000,18.0,18.0,1.000,0.0,0.0,0.0,0.0,0.0,0.0,9.0,0.0,18.0
360,Georges Niang\niangge01,PF,26,UTA,53,0,714,5.4,11.9,.456,3.5,8.3,.421,2.0,3.7,.534,1.0,1.1,.864,0.6,4.7,5.3,1.7,0.6,0.3,1.3,3.0,15.3
361,Nerlens Noel\noelne01,C,25,OKC,51,6,942,6.2,9.1,.688,0.0,0.1,.333,6.2,8.9,.692,2.8,3.6,.766,3.0,6.6,9.7,2.0,2.0,2.8,1.8,5.1,15.2
362,Zach Norvell\norveza01,SG,22,TOT,5,0,41,2.6,10.5,.250,2.6,7.0,.375,0.0,3.5,.000,0.9,0.9,1.000,0.0,5.3,5.3,2.6,1.8,0.0,2.6,3.5,8.8
362,Zach Norvell\norveza01,SG,22,LAL,2,0,5,0.0,7.2,.000,0.0,0.0,,0.0,7.2,.000,0.0,0.0,,0.0,7.2,7.2,0.0,0.0,0.0,0.0,0.0,0.0
362,Zach Norvell\norveza01,SG,22,GSW,3,0,36,3.0,11.0,.273,3.0,8.0,.375,0.0,3.0,.000,1.0,1.0,1.000,0.0,5.0,5.0,3.0,2.0,0.0,3.0,4.0,10.0
363,Jaylen Nowell\nowelja01,SG,20,MIN,11,0,122,4.7,13.3,.356,0.9,6.8,.130,3.8,6.5,.591,3.2,3.5,.917,0.9,2.1,3.0,4.1,0.0,0.3,0.9,2.1,13.6
364,Frank Ntilikina\ntilila01,PG,21,NYK,50,26,1041,3.8,9.9,.385,1.2,4.0,.310,2.6,5.9,.435,1.4,1.6,.870,0.7,3.1,3.8,5.2,1.6,0.6,2.2,4.3,10.2
365,Kendrick Nunn\nunnke01,SG,24,MIA,56,56,1677,7.4,16.6,.448,2.4,6.9,.353,5.0,9.7,.514,1.6,2.0,.835,0.3,2.8,3.2,4.3,1.0,0.2,2.0,2.7,18.9
366,David Nwaba\nwabada01,SF,27,BRK,20,0,268,5.0,9.5,.521,1.6,3.8,.429,3.4,5.8,.581,2.4,3.6,.667,1.1,5.0,6.0,1.1,1.5,1.6,1.1,4.3,14.0
367,Royce O'Neale\onealro01,PF,26,UTA,59,50,1711,2.7,6.0,.448,1.5,3.8,.403,1.2,2.2,.524,0.7,0.9,.756,0.5,6.0,6.5,3.1,1.0,0.5,1.0,3.6,7.6
368,Kyle O'Quinn\oquinky01,C,29,PHI,24,1,248,5.1,10.3,.493,1.0,3.2,.318,4.1,7.1,.571,1.2,2.2,.533,4.4,9.1,13.5,4.9,0.6,3.2,2.6,4.8,12.3
369,Semi Ojeleye\ojelese01,PF,25,BOS,55,4,784,2.4,6.0,.400,1.3,3.7,.358,1.1,2.3,.469,1.1,1.2,.889,0.9,3.7,4.6,1.3,0.8,0.2,0.5,2.6,7.2
370,Jahlil Okafor\okafoja01,C,24,NOP,28,9,424,7.5,12.2,.611,0.1,0.2,.500,7.4,12.1,.613,3.1,4.9,.638,3.9,6.2,10.1,3.1,0.6,1.6,3.1,5.3,18.2
371,Elie Okobo\okoboel01,PG,22,PHO,50,3,659,3.7,9.1,.401,1.3,3.6,.348,2.4,5.5,.436,2.2,3.3,.672,0.8,3.5,4.3,5.7,1.2,0.2,2.0,2.5,10.8
372,Josh Okogie\okogijo01,SG,21,MIN,56,22,1381,4.0,9.5,.423,0.9,3.7,.252,3.1,5.8,.534,3.7,4.7,.789,2.0,4.3,6.3,2.3,1.6,0.6,2.1,3.2,12.7
373,KZ Okpala\okpalkz01,SF,20,MIA,5,0,26,4.2,6.9,.600,0.0,1.4,.000,4.2,5.5,.750,1.4,2.8,.500,1.4,5.5,6.9,1.4,2.8,1.4,1.4,2.8,9.7
374,Victor Oladipo\oladivi01,SG,27,IND,9,6,226,5.7,16.2,.353,1.9,7.6,.250,3.8,8.6,.444,2.7,3.5,.773,1.0,2.9,3.8,3.7,0.8,0.2,3.2,1.9,16.1
375,Kelly Olynyk\olynyke01,C,28,MIA,53,6,1021,4.9,10.4,.470,2.6,6.1,.420,2.3,4.3,.541,2.2,2.6,.840,1.2,7.4,8.6,3.1,1.3,0.6,2.1,4.6,14.6
376,Miye Oni\onimi01,SG,22,UTA,3,0,8,0.0,0.0,,0.0,0.0,,0.0,0.0,,0.0,0.0,,0.0,4.5,4.5,0.0,0.0,0.0,4.5,0.0,0.0
377,Cedi Osman\osmande01,SF,24,CLE,59,59,1700,5.0,11.3,.445,2.3,6.0,.379,2.7,5.3,.520,1.1,1.7,.646,0.6,3.8,4.4,3.0,1.0,0.3,1.8,3.0,13.4
378,Kelly Oubre\oubreke01,SF,24,PHO,56,55,1933,6.9,15.4,.452,2.0,5.7,.352,4.9,9.7,.511,3.6,4.6,.780,1.2,5.5,6.7,1.6,1.3,0.7,1.5,3.6,19.5
379,Tariq Owens\owensta01,PF,24,PHO,3,0,15,2.4,12.0,.200,0.0,4.8,.000,2.4,7.2,.333,4.8,4.8,1.000,4.8,2.4,7.2,0.0,2.4,0.0,0.0,2.4,9.6
380,Jeremy Pargo\pargoje01,PG,33,GSW,3,0,44,9.0,18.0,.500,2.5,5.7,.429,6.5,12.3,.533,0.0,0.8,.000,0.8,1.6,2.5,6.5,0.8,0.0,3.3,6.5,20.5
381,Jabari Parker\parkeja01,PF,24,TOT,33,23,852,8.4,16.9,.499,1.3,4.9,.267,7.1,12.0,.594,2.3,3.1,.743,2.3,6.0,8.2,2.5,1.8,0.6,2.5,4.0,20.5
381,Jabari Parker\parkeja01,PF,24,ATL,32,23,837,8.5,16.9,.504,1.3,4.9,.270,7.2,12.0,.601,2.3,3.1,.736,2.3,5.9,8.2,2.5,1.8,0.6,2.6,4.0,20.6
381,Jabari Parker\parkeja01,PF,24,SAC,1,0,15,2.4,14.4,.167,0.0,2.4,.000,2.4,12.0,.200,4.8,4.8,1.000,0.0,9.6,9.6,4.8,0.0,0.0,0.0,2.4,9.6
382,Chandler Parsons\parsoch01,SF,31,ATL,5,0,54,3.3,12.0,.278,2.7,9.3,.286,0.7,2.7,.250,0.0,0.0,,0.7,4.0,4.7,2.0,2.7,0.7,2.0,2.0,9.3
383,Eric Paschall\pascher01,PF,23,GSW,54,26,1459,6.8,13.9,.488,0.8,2.8,.277,6.0,11.1,.541,3.5,4.4,.783,1.9,4.3,6.2,2.2,0.8,0.3,2.1,2.8,17.8
384,Anžejs Pasečņiks\pasecan01,C,24,WAS,20,0,370,5.3,9.9,.529,0.0,0.2,.000,5.3,9.7,.540,3.0,4.9,.620,3.6,5.5,9.1,1.7,0.8,1.0,2.1,5.6,13.5
385,Patrick Patterson\pattepa01,PF,30,LAC,48,18,589,4.5,11.1,.401,3.2,8.4,.380,1.3,2.8,.467,1.7,2.1,.794,1.8,5.4,7.2,1.9,0.4,0.2,1.0,2.5,13.8
386,Justin Patton\pattoju01,C,22,OKC,5,0,24,6.0,15.0,.400,1.5,6.0,.250,4.5,9.0,.500,0.0,0.0,,1.5,6.0,7.5,3.0,0.0,0.0,3.0,6.0,13.5
387,Chris Paul\paulch01,PG,34,OKC,59,59,1871,7.0,14.5,.485,1.8,5.1,.357,5.2,9.4,.554,4.1,4.5,.894,0.4,5.3,5.7,7.6,1.7,0.2,2.4,2.5,19.9
388,Elfrid Payton\paytoel01,PG,25,NYK,38,29,1051,5.6,13.0,.430,0.5,2.2,.222,5.1,10.8,.472,1.2,2.1,.548,1.5,4.5,6.1,9.2,2.1,0.5,2.7,2.7,12.8
389,Gary Payton\paytoga02,PG,27,WAS,25,17,408,4.1,9.7,.418,1.1,3.7,.310,2.9,6.0,.485,0.4,0.7,.500,2.2,4.2,6.4,4.0,2.8,0.6,1.7,4.2,9.6
390,Norvel Pelle\pelleno01,C,26,PHI,17,0,170,3.8,7.0,.545,0.0,0.0,,3.8,7.0,.545,1.3,2.5,.500,3.2,9.1,12.3,1.5,0.2,5.3,2.8,7.6,8.9
391,Theo Pinson\pinsoth01,SG,24,BRK,30,0,350,4.6,15.6,.296,1.5,8.0,.192,3.1,7.6,.405,1.5,1.6,.938,1.0,4.2,5.2,5.7,1.6,0.2,3.3,3.5,12.3
392,Mason Plumlee\plumlma01,C,29,DEN,47,1,815,6.1,9.9,.614,0.0,0.2,.000,6.1,9.7,.626,3.0,5.5,.552,3.6,7.8,11.4,5.0,1.1,1.2,3.0,4.8,15.2
393,Vincent Poirier\poirivi01,C,26,BOS,21,0,114,5.1,10.4,.485,0.3,0.6,.500,4.7,9.8,.484,1.9,2.2,.857,3.2,7.6,10.7,2.2,0.6,1.9,1.9,7.3,12.3
394,Jakob Pöltl\poeltja01,C,24,SAS,57,9,961,5.1,8.2,.619,0.0,0.0,,5.1,8.2,.619,1.3,2.8,.486,3.9,7.7,11.6,3.8,1.1,3.1,1.6,3.6,11.5
395,Shamorie Ponds\pondssh01,PG,21,TOR,4,0,11,9.8,16.4,.600,3.3,6.5,.500,6.5,9.8,.667,6.5,6.5,1.000,0.0,3.3,3.3,6.5,0.0,3.3,0.0,6.5,29.5
396,Jordan Poole\poolejo01,SG,20,GSW,52,14,1161,4.6,14.4,.317,2.0,7.6,.265,2.5,6.8,.376,2.6,3.2,.824,0.2,3.1,3.3,3.5,1.0,0.3,2.0,2.7,13.7
397,Kevin Porter\porteke02,SF,19,CLE,47,2,1077,5.9,13.1,.448,1.6,4.8,.343,4.2,8.4,.508,2.2,3.1,.717,0.7,4.4,5.1,3.3,1.5,0.4,3.0,4.3,15.6
398,Michael Porter\portemi01,PF,21,DEN,43,1,605,7.9,15.5,.512,2.4,5.6,.426,5.5,9.9,.560,1.8,2.3,.795,2.9,8.3,11.1,1.8,1.0,1.1,2.0,4.2,20.1
399,Otto Porter\porteot01,SF,26,CHI,9,9,226,5.6,13.4,.417,2.5,6.4,.400,3.0,7.0,.432,2.4,3.2,.750,1.3,3.7,4.9,2.2,1.4,0.5,1.1,3.2,16.1
400,Bobby Portis\portibo01,C,24,NYK,59,5,1239,6.5,14.9,.439,1.7,5.0,.347,4.8,9.9,.485,1.9,2.4,.771,2.2,6.7,8.9,2.6,0.8,0.3,1.9,3.0,16.7
401,Kristaps Porziņģis\porzikr01,PF,24,DAL,46,46,1410,7.6,18.0,.420,2.9,8.1,.354,4.7,9.9,.474,4.1,5.3,.782,1.9,9.0,10.9,1.9,0.8,2.2,1.9,3.6,22.1
402,Dwight Powell\poweldw01,C,28,DAL,40,37,1061,5.0,7.8,.638,0.3,1.3,.256,4.6,6.4,.716,2.5,3.8,.667,2.5,5.2,7.7,2.0,1.2,0.7,1.2,3.5,12.8
403,Norman Powell\powelno01,SG,26,TOR,39,18,1108,7.1,14.3,.494,2.6,6.6,.399,4.5,7.7,.576,2.8,3.4,.827,0.7,4.1,4.8,2.2,1.6,0.5,1.9,2.6,19.6
404,Julius Randle\randlju01,PF,25,NYK,57,57,1861,7.9,17.4,.455,1.1,4.2,.269,6.8,13.2,.514,4.2,5.9,.713,2.6,8.0,10.6,3.6,0.9,0.4,3.3,3.0,21.2
405,Josh Reaves\reavejo02,SG,22,DAL,2,0,1,0.0,36.0,.000,0.0,0.0,,0.0,36.0,.000,0.0,0.0,,0.0,0.0,0.0,0.0,0.0,0.0,0.0,0.0,0.0
406,Cam Reddish\reddica01,SF,20,ATL,53,33,1411,4.7,12.7,.369,1.8,5.7,.317,2.9,6.9,.412,2.4,3.0,.798,0.9,4.2,5.0,2.0,1.5,0.7,2.1,3.1,13.6
407,J.J. Redick\redicjj01,SG,35,NOP,54,35,1425,6.3,14.1,.450,3.9,8.7,.452,2.4,5.4,.446,3.7,4.1,.902,0.2,3.3,3.5,2.7,0.5,0.2,1.6,2.2,20.3
408,Naz Reid\reidna01,C,20,MIN,24,5,339,7.6,18.3,.419,2.9,8.3,.346,4.8,10.0,.479,2.4,3.5,.697,2.0,5.9,8.0,2.1,1.2,1.7,1.5,6.9,20.6
409,Josh Richardson\richajo01,SG,26,PHI,46,44,1434,6.0,14.1,.427,1.7,5.3,.322,4.3,8.8,.490,2.5,3.1,.790,0.9,3.1,4.0,3.7,1.1,0.8,2.3,3.0,16.2
410,Austin Rivers\riverau01,SG,27,HOU,54,4,1272,4.8,11.3,.429,2.2,6.1,.353,2.7,5.2,.516,1.6,2.3,.691,0.6,3.1,3.7,2.4,1.1,0.3,0.9,2.9,13.4
411,Duncan Robinson\robindu01,SF,25,MIA,59,54,1738,5.2,11.3,.461,4.4,9.9,.440,0.8,1.4,.612,0.9,1.0,.896,0.2,3.7,3.9,1.7,0.6,0.3,1.0,3.4,15.7
412,Glenn Robinson\robingl02,SF,26,TOT,55,51,1624,5.8,12.1,.482,1.5,4.0,.380,4.3,8.1,.531,1.4,1.7,.855,1.6,3.7,5.3,2.0,1.1,0.3,1.2,2.0,14.6
412,Glenn Robinson\robingl02,SF,26,GSW,48,48,1516,5.8,12.0,.481,1.6,4.0,.400,4.2,8.0,.522,1.5,1.8,.851,1.6,3.8,5.4,2.0,1.1,0.3,1.2,1.9,14.7
412,Glenn Robinson\robingl02,SF,26,PHI,7,3,108,6.3,13.0,.487,0.0,3.0,.000,6.3,10.0,.633,0.7,0.7,1.000,2.3,2.3,4.7,2.0,2.0,0.3,0.7,2.3,13.3
413,Jerome Robinson\robinje01,SG,22,TOT,50,1,621,3.7,10.6,.344,1.5,5.1,.295,2.1,5.5,.389,0.8,1.3,.609,0.4,4.8,5.2,3.2,1.0,0.6,1.8,4.1,9.6
413,Jerome Robinson\robinje01,SG,22,LAC,42,1,476,3.5,10.3,.338,1.4,5.1,.284,2.0,5.2,.391,0.8,1.4,.579,0.4,4.2,4.5,3.5,1.0,0.6,2.0,4.2,9.2
413,Jerome Robinson\robinje01,SG,22,WAS,8,0,145,4.2,11.7,.362,1.7,5.2,.333,2.5,6.5,.385,0.7,1.0,.750,0.5,7.0,7.4,2.5,1.0,0.7,1.2,3.7,10.9
414,Justin Robinson\robinju01,PG,22,WAS,9,0,49,3.7,8.8,.417,2.2,3.7,.600,1.5,5.1,.286,0.0,0.0,,0.7,2.9,3.7,5.1,0.0,0.7,2.2,1.5,9.6
415,Mitchell Robinson\robinmi01,C,21,NYK,55,7,1258,6.2,8.4,.735,0.0,0.0,,6.2,8.4,.735,2.1,3.6,.571,4.6,6.3,10.9,1.0,1.4,3.1,1.0,5.2,14.4
416,Isaiah Roby\robyis01,SF,21,OKC,3,0,11,0.0,3.3,.000,0.0,0.0,,0.0,3.3,.000,0.0,0.0,,0.0,6.5,6.5,0.0,0.0,0.0,3.3,3.3,0.0
417,Rajon Rondo\rondora01,PG,33,LAL,42,3,873,5.2,12.1,.429,1.6,4.6,.342,3.6,7.5,.481,1.1,1.6,.667,0.9,4.7,5.6,9.0,1.6,0.1,3.3,2.1,13.0
418,Derrick Rose\rosede01,PG,31,DET,49,14,1288,10.2,20.9,.489,1.2,4.1,.301,9.0,16.8,.535,3.3,3.8,.869,0.8,2.5,3.3,7.7,1.1,0.4,3.5,1.3,25.0
419,Terrence Ross\rosste01,SG,28,ORL,57,0,1536,6.4,16.2,.391,3.2,9.5,.334,3.2,6.8,.471,2.8,3.3,.837,0.3,4.0,4.3,1.5,1.5,0.4,1.3,1.9,18.6
420,Terry Rozier\roziete01,PG,25,CHO,58,58,1976,6.5,15.5,.417,2.8,7.0,.395,3.7,8.5,.435,2.9,3.3,.877,0.8,3.9,4.7,4.3,1.1,0.2,2.4,2.1,18.5
421,Ricky Rubio\rubiori01,PG,29,PHO,52,52,1631,5.0,12.3,.407,1.3,3.8,.341,3.7,8.6,.436,3.3,4.0,.834,0.8,4.3,5.2,10.1,1.8,0.2,3.1,2.9,14.6
422,D'Angelo Russell\russeda01,PG,23,TOT,39,39,1260,9.3,21.3,.434,4.1,10.9,.379,5.1,10.5,.492,3.9,4.9,.801,0.4,3.7,4.1,7.2,1.1,0.3,3.5,2.2,26.5
422,D'Angelo Russell\russeda01,PG,23,GSW,33,33,1060,9.3,21.6,.430,4.1,10.9,.374,5.2,10.7,.487,3.8,4.9,.785,0.5,3.7,4.1,7.0,1.1,0.3,3.4,2.2,26.5
422,D'Angelo Russell\russeda01,PG,23,MIN,6,6,200,9.2,20.0,.459,4.3,10.6,.407,4.9,9.4,.519,4.3,4.9,.889,0.2,4.0,4.1,8.5,1.4,0.5,3.8,2.3,27.0
423,Domantas Sabonis\sabondo01,C,23,IND,56,56,1926,7.6,14.2,.540,0.3,1.1,.233,7.4,13.0,.566,3.7,5.0,.731,3.2,9.9,13.1,5.1,0.8,0.5,2.8,3.5,19.2
424,JaKarr Sampson\sampsja02,SF,26,IND,21,10,278,5.2,8.8,.588,0.3,1.6,.167,4.9,7.3,.679,0.5,1.3,.400,1.4,4.4,5.8,0.5,1.0,1.2,0.8,4.5,11.1
425,Dario Šarić\saricda01,PF,25,PHO,53,45,1287,5.2,11.7,.445,1.7,5.5,.318,3.5,6.2,.556,1.8,2.2,.846,2.2,6.4,8.6,2.8,0.8,0.3,1.9,3.3,14.0
426,Tomáš Satoranský\satorto01,PG,28,CHI,59,59,1704,4.6,10.6,.440,1.3,3.9,.335,3.3,6.7,.502,2.1,2.4,.870,1.3,3.3,4.7,6.8,1.6,0.1,2.5,2.6,12.7
427,Admiral Schofield\schofad01,SF,22,WAS,26,2,292,3.7,9.2,.400,1.7,5.8,.298,2.0,3.5,.571,1.1,1.6,.692,0.7,3.5,4.2,1.7,1.0,0.4,0.9,5.1,10.2
428,Dennis Schröder\schrode01,PG,26,OKC,59,1,1827,8.1,17.2,.470,2.2,5.9,.381,5.9,11.3,.517,3.4,4.0,.848,0.4,4.0,4.4,4.7,0.8,0.3,3.0,2.5,21.9
429,Mike Scott\scottmi01,PF,31,PHI,58,7,979,4.1,10.4,.396,2.3,6.8,.341,1.8,3.6,.500,0.9,1.0,.889,1.7,5.3,6.9,1.2,0.6,0.1,0.8,2.5,11.4
430,Thabo Sefolosha\sefolth01,PF,35,HOU,40,0,428,3.1,7.6,.411,1.3,4.5,.278,1.9,3.0,.611,0.3,0.7,.375,1.8,6.1,7.8,2.1,2.0,1.0,1.2,3.6,7.7
431,Collin Sexton\sextoco01,SG,21,CLE,59,59,1905,8.4,18.3,.461,1.6,4.3,.382,6.8,14.0,.486,3.8,4.5,.849,1.1,2.4,3.5,3.1,1.1,0.1,2.5,2.4,22.4
432,Landry Shamet\shamela01,SG,22,LAC,42,27,1213,4.2,9.7,.433,3.0,7.4,.406,1.2,2.3,.519,1.5,1.7,.897,0.1,2.4,2.5,2.3,0.5,0.2,1.0,3.6,13.0
433,Marial Shayok\shayoma01,SG,24,PHI,2,0,10,3.6,18.0,.200,3.6,10.8,.333,0.0,7.2,.000,0.0,0.0,,0.0,10.8,10.8,3.6,0.0,0.0,3.6,0.0,10.8
434,Iman Shumpert\shumpim01,SG,29,BRK,13,0,241,3.1,9.6,.328,1.2,4.9,.242,1.9,4.6,.419,0.6,1.0,.571,1.3,3.7,5.1,1.8,1.8,0.3,1.5,3.1,8.1
435,Pascal Siakam\siakapa01,PF,25,TOR,48,48,1684,9.0,19.4,.462,2.2,6.1,.370,6.7,13.4,.504,4.1,5.2,.797,1.2,6.5,7.7,3.5,1.0,1.0,2.4,2.8,24.3
436,Chris Silva\silvach01,PF,23,MIA,39,0,306,5.1,8.1,.623,0.0,0.2,.000,5.1,7.9,.642,4.0,5.8,.694,6.4,6.5,12.8,2.5,1.1,2.1,3.6,9.4,14.1
437,Ben Simmons\simmobe01,PG,23,PHI,54,54,1930,6.7,11.5,.585,0.0,0.1,.333,6.7,11.4,.588,3.3,5.3,.627,2.0,5.9,7.9,8.2,2.1,0.6,3.6,3.2,16.8
438,Anfernee Simons\simonan01,SG,20,POR,59,4,1308,5.4,13.5,.401,1.8,5.6,.330,3.6,7.9,.451,1.9,2.3,.812,0.6,3.3,3.9,2.4,0.6,0.2,1.6,3.2,14.6
439,Alen Smailagić\smailal01,PF,19,GSW,14,0,139,5.2,10.4,.500,0.8,3.4,.231,4.4,7.0,.630,4.1,4.9,.842,2.6,4.4,7.0,3.4,0.8,1.0,2.8,3.6,15.3
440,Marcus Smart\smartma01,SG,25,BOS,47,33,1497,4.8,12.6,.378,2.6,7.4,.356,2.2,5.3,.409,2.0,2.5,.810,0.8,3.4,4.2,5.5,1.9,0.6,1.8,2.9,14.2
441,Dennis Smith\smithde03,PG,22,NYK,34,3,537,4.8,14.1,.341,1.1,3.6,.296,3.8,10.5,.357,1.8,3.6,.509,1.4,3.8,5.2,6.6,1.9,0.5,3.9,4.4,12.5
442,Ish Smith\smithis01,PG,31,WAS,58,19,1528,6.0,13.3,.449,1.3,3.5,.362,4.7,9.8,.480,1.1,1.6,.676,0.7,3.6,4.3,6.5,1.2,0.5,1.7,2.0,14.3
443,Zhaire Smith\smithzh01,SG,20,PHI,7,0,32,3.4,12.4,.273,0.0,3.4,.000,3.4,9.0,.375,2.3,4.5,.500,0.0,2.3,2.3,2.3,3.4,0.0,2.3,4.5,9.0
444,Tony Snell\snellto01,SF,28,DET,54,52,1482,3.8,8.5,.454,2.3,5.7,.408,1.5,2.8,.548,0.6,0.6,1.000,0.2,2.2,2.4,2.6,0.6,0.3,0.7,2.2,10.6
445,Omari Spellman\spellom01,PF,22,GSW,49,3,886,5.2,12.0,.431,1.7,4.5,.391,3.4,7.5,.454,3.0,3.7,.793,3.1,5.8,8.9,1.9,1.3,1.0,2.2,2.6,15.0
446,Max Strus\strusma01,SG,23,CHI,2,0,6,12.0,18.0,.667,0.0,6.0,.000,12.0,12.0,1.000,6.0,6.0,1.000,6.0,0.0,6.0,0.0,0.0,0.0,0.0,6.0,30.0
447,Edmond Sumner\sumneed01,PG,24,IND,20,2,268,4.7,10.7,.438,1.1,3.5,.308,3.6,7.3,.500,1.1,1.7,.615,1.1,2.8,3.9,3.8,1.7,0.8,2.0,3.8,11.6
448,Caleb Swanigan\swanica01,PF,22,TOT,21,1,231,3.9,6.9,.568,0.0,0.3,.000,3.9,6.5,.595,1.4,2.6,.529,4.1,8.6,12.6,2.8,0.3,0.9,4.1,7.3,9.2
448,Caleb Swanigan\swanica01,PF,22,SAC,7,0,23,3.1,6.3,.500,0.0,0.0,,3.1,6.3,.500,1.6,3.1,.500,3.1,7.8,11.0,3.1,1.6,3.1,9.4,12.5,7.8
448,Caleb Swanigan\swanica01,PF,22,POR,14,1,208,4.0,6.9,.575,0.0,0.3,.000,4.0,6.6,.605,1.4,2.6,.533,4.2,8.7,12.8,2.8,0.2,0.7,3.5,6.8,9.3
449,Jayson Tatum\tatumja01,PF,21,BOS,54,54,1852,8.8,19.4,.453,2.9,7.3,.398,5.9,12.1,.487,3.9,4.8,.822,1.0,6.3,7.3,3.0,1.4,1.0,2.3,2.2,24.5
450,Jeff Teague\teaguje01,PG,31,TOT,53,16,1349,5.1,11.9,.431,1.0,2.9,.361,4.1,9.0,.454,4.3,5.0,.871,0.7,2.8,3.4,7.7,1.1,0.5,2.9,2.7,15.6
450,Jeff Teague\teaguje01,PG,31,MIN,34,13,945,5.5,12.3,.448,1.3,3.3,.379,4.3,9.0,.473,4.8,5.5,.868,0.6,2.8,3.4,7.9,1.0,0.5,2.9,2.7,17.1
450,Jeff Teague\teaguje01,PG,31,ATL,19,3,404,4.2,10.8,.388,0.5,1.9,.286,3.7,8.9,.410,3.3,3.7,.881,0.9,2.8,3.7,7.3,1.6,0.4,2.8,2.7,12.2
451,Garrett Temple\templga01,SG,33,BRK,53,31,1503,4.6,12.2,.380,2.7,8.1,.329,2.0,4.2,.477,1.3,1.7,.761,0.7,3.7,4.4,3.2,1.0,0.6,1.3,2.3,13.2
452,Daniel Theis\theisda01,C,27,BOS,52,51,1208,5.6,10.0,.558,0.7,2.2,.311,4.9,7.8,.628,2.1,2.8,.753,3.5,6.7,10.1,2.4,1.0,2.0,1.3,5.4,13.9
453,Isaiah Thomas\thomais02,PG,30,WAS,40,37,925,6.8,16.6,.408,3.0,7.4,.413,3.7,9.2,.405,2.4,3.0,.816,0.4,2.2,2.6,5.7,0.5,0.2,3.0,3.0,19.0
454,Khyri Thomas\thomakh01,SG,23,DET,4,0,21,3.4,8.6,.400,3.4,6.9,.500,0.0,1.7,.000,1.7,3.4,.500,0.0,0.0,0.0,1.7,0.0,0.0,1.7,3.4,12.0
455,Matt Thomas\thomama02,SG,25,TOR,28,0,286,6.2,12.2,.505,4.3,8.6,.500,1.9,3.7,.517,0.8,1.0,.750,0.6,4.2,4.8,2.0,0.9,0.0,1.3,3.3,17.4
456,Tristan Thompson\thomptr01,C,28,CLE,55,50,1675,6.1,11.8,.515,0.2,0.5,.429,5.9,11.3,.519,2.1,3.3,.632,4.8,7.3,12.1,2.5,0.7,1.0,2.1,2.6,14.5
457,Matisse Thybulle\thybuma01,SG,22,PHI,52,10,1021,3.0,7.5,.399,1.7,4.6,.362,1.3,2.9,.458,0.8,1.3,.649,1.0,1.7,2.8,2.2,2.6,1.4,1.5,4.1,8.5
458,Anthony Tolliver\tollian01,PF,34,TOT,42,9,636,2.6,7.6,.343,1.8,5.9,.308,0.8,1.7,.467,0.8,1.2,.667,1.6,5.2,6.8,1.8,0.7,0.6,1.4,3.4,7.8
458,Anthony Tolliver\tollian01,PF,34,POR,33,9,554,2.8,7.6,.368,1.9,5.8,.337,0.8,1.8,.464,0.8,1.2,.684,1.8,5.4,7.1,1.9,0.5,0.6,1.4,3.5,8.4
458,Anthony Tolliver\tollian01,PF,34,SAC,9,0,82,1.3,7.5,.176,0.9,6.6,.133,0.4,0.9,.500,0.4,0.9,.500,0.9,4.0,4.8,1.3,1.8,0.4,1.8,2.6,4.0
459,Juan Toscano-Anderson\toscaju01,SF,26,GSW,7,0,142,4.8,9.4,.514,1.5,3.0,.500,3.3,6.3,.520,0.5,0.8,.667,0.3,6.6,6.8,3.3,2.3,0.8,2.5,3.0,11.7
460,Karl-Anthony Towns\townska01,C,24,MIN,35,35,1187,9.6,18.9,.508,3.5,8.4,.412,6.1,10.5,.586,5.5,6.9,.796,2.9,8.6,11.5,4.6,1.0,1.3,3.3,3.5,28.1
461,Gary Trent\trentga02,SG,21,POR,47,6,907,4.9,11.6,.426,2.8,6.9,.406,2.1,4.6,.457,0.9,1.1,.821,0.7,2.3,3.0,1.7,1.5,0.4,0.6,2.2,13.6
462,Allonzo Trier\trieral01,PG,24,NYK,23,1,279,6.3,13.2,.480,2.3,6.5,.360,4.0,6.7,.596,4.4,5.5,.791,0.6,3.0,3.6,3.2,0.4,0.5,2.8,3.6,19.4
463,P.J. Tucker\tuckepj01,PF,34,HOU,58,58,2002,2.8,6.2,.441,1.6,4.2,.374,1.2,2.0,.580,0.7,0.8,.841,1.6,5.5,7.1,1.7,1.2,0.5,1.1,3.4,7.8
464,Rayjon Tucker\tuckera01,SG,22,UTA,14,0,78,3.7,8.8,.421,0.0,2.8,.000,3.7,6.0,.615,1.4,2.3,.600,0.9,5.1,6.0,0.9,0.5,0.0,1.4,3.2,8.8
465,Evan Turner\turneev01,PG,31,ATL,19,0,251,3.6,9.6,.373,0.0,0.7,.000,3.6,8.9,.403,1.7,2.0,.857,1.1,4.3,5.5,5.5,1.3,1.1,3.7,2.9,8.9
466,Myles Turner\turnemy01,C,23,IND,49,49,1427,5.1,11.5,.442,1.8,5.2,.338,3.3,6.3,.528,2.4,3.2,.750,1.6,6.3,7.8,1.5,1.0,2.5,1.5,3.0,14.4
467,Jonas Valančiūnas\valanjo01,C,27,MEM,56,56,1452,8.4,14.8,.570,0.7,1.9,.364,7.7,12.8,.600,2.5,3.5,.729,4.1,10.9,14.9,2.5,0.6,1.6,2.4,3.6,20.0
468,Denzel Valentine\valende01,SF,26,CHI,30,0,366,6.5,16.1,.402,3.5,9.9,.356,3.0,6.2,.476,0.5,0.5,1.000,0.4,5.2,5.6,3.3,2.0,0.5,2.0,3.9,17.0
469,Jarred Vanderbilt\vandeja01,SF-PF,20,TOT,11,0,46,3.9,6.3,.625,0.0,0.8,.000,3.9,5.5,.714,1.6,1.6,1.000,2.3,4.7,7.0,1.6,2.3,0.8,5.5,4.7,9.4
469,Jarred Vanderbilt\vandeja01,SF,20,DEN,9,0,41,4.4,6.1,.714,0.0,0.0,,4.4,6.1,.714,0.0,0.0,,2.6,4.4,7.0,1.8,2.6,0.9,6.1,5.3,8.8
469,Jarred Vanderbilt\vandeja01,PF,20,MIN,2,0,5,0.0,7.2,.000,0.0,7.2,.000,0.0,0.0,,14.4,14.4,1.000,0.0,7.2,7.2,0.0,0.0,0.0,0.0,0.0,14.4
470,Fred VanVleet\vanvlfr01,PG,25,TOR,48,48,1719,6.0,14.7,.409,2.7,7.1,.388,3.3,7.6,.430,2.9,3.5,.843,0.4,3.4,3.8,6.6,1.9,0.3,2.3,2.5,17.7
471,Gabe Vincent\vincega01,PG,23,MIA,4,0,41,3.5,16.7,.211,3.5,14.0,.250,0.0,2.6,.000,0.0,0.0,,0.0,2.6,2.6,2.6,0.9,0.0,0.0,1.8,10.5
472,Noah Vonleh\vonleno01,C-PF,24,TOT,32,1,363,5.0,8.8,.562,0.3,1.5,.200,4.7,7.3,.635,2.4,3.0,.800,3.6,8.5,12.1,2.7,1.1,0.6,2.1,3.8,12.6
472,Noah Vonleh\vonleno01,C,24,MIN,29,1,347,4.9,8.9,.547,0.2,1.5,.143,4.7,7.5,.625,2.4,2.9,.821,3.5,8.5,12.0,2.7,1.1,0.6,2.0,3.7,12.3
472,Noah Vonleh\vonleno01,PF,24,DEN,3,0,16,6.8,6.8,1.000,2.3,2.3,1.000,4.5,4.5,1.000,2.3,4.5,.500,4.5,9.0,13.5,2.3,0.0,0.0,4.5,4.5,18.0
473,Nikola Vučević\vucevni01,C,29,ORL,48,48,1551,8.7,18.7,.464,1.8,5.3,.330,6.9,13.4,.517,2.3,2.9,.770,2.8,9.3,12.1,4.1,1.0,1.0,1.5,2.6,21.4
474,Dean Wade\wadede01,PF,23,CLE,10,0,54,4.7,6.7,.700,1.3,2.0,.667,3.3,4.7,.714,0.0,0.7,.000,1.3,9.3,10.7,0.7,1.3,2.0,2.0,4.7,10.7
475,Moritz Wagner\wagnemo01,C,22,WAS,31,4,606,7.1,12.3,.575,1.4,3.9,.354,5.7,8.4,.676,3.3,4.2,.800,2.3,7.8,10.1,2.5,1.1,1.0,3.0,6.6,18.8
476,Dion Waiters\waitedi01,SG,28,MIA,3,0,42,8.6,22.3,.385,6.9,14.6,.471,1.7,7.7,.222,0.0,0.9,.000,0.0,9.4,9.4,2.6,0.0,1.7,2.6,4.3,24.0
477,Kemba Walker\walkeke02,PG,29,BOS,46,46,1481,8.1,18.8,.429,3.8,9.8,.388,4.3,9.0,.474,4.4,5.1,.866,0.8,3.8,4.6,5.6,1.1,0.6,2.4,1.8,24.3
478,Lonnie Walker\walkelo01,SG,21,SAS,49,4,697,5.6,12.9,.436,1.3,3.4,.400,4.3,9.6,.449,2.0,2.7,.717,1.0,4.3,5.3,2.0,1.2,0.6,1.5,3.3,14.6
479,Tyrone Wallace\wallaty01,SG,25,ATL,14,0,160,3.2,9.9,.318,0.2,3.4,.067,2.9,6.5,.448,2.5,3.8,.647,0.7,4.3,5.0,2.9,1.6,0.2,2.3,4.3,9.0
480,Taurean Waller-Prince\princta02,SF,25,BRK,58,58,1707,5.5,14.2,.387,3.0,8.3,.354,2.5,5.8,.433,1.2,1.6,.776,0.9,6.4,7.4,2.4,1.1,0.5,2.5,3.0,15.2
481,Derrick Walton\waltode01,PG,24,TOT,25,1,235,2.6,5.8,.447,1.4,3.5,.391,1.2,2.3,.533,1.1,1.4,.778,0.3,2.1,2.5,3.8,0.8,0.0,0.6,2.9,7.7
481,Derrick Walton\waltode01,PG,24,LAC,23,1,222,2.8,5.8,.472,1.5,3.4,.429,1.3,2.4,.533,1.1,1.5,.778,0.3,2.1,2.4,3.6,0.6,0.0,0.6,3.1,8.1
481,Derrick Walton\waltode01,PG,24,DET,2,0,13,0.0,5.5,.000,0.0,5.5,.000,0.0,0.0,,0.0,0.0,,0.0,2.8,2.8,8.3,2.8,0.0,0.0,0.0,0.0
482,Brad Wanamaker\wanambr01,PG,30,BOS,57,0,1087,4.1,9.7,.428,1.1,2.7,.395,3.1,7.0,.441,3.2,3.5,.925,0.6,3.3,3.8,5.1,1.4,0.4,2.1,3.5,12.6
483,T.J. Warren\warretj01,SF,26,IND,56,56,1808,8.2,15.7,.527,1.2,3.3,.373,7.0,12.3,.568,2.8,3.5,.806,1.1,3.2,4.3,1.5,1.4,0.5,1.4,3.0,20.5
484,P.J. Washington\washipj01,PF,21,CHO,52,51,1575,5.4,11.7,.458,1.6,4.3,.380,3.7,7.5,.503,1.8,2.7,.642,1.1,5.4,6.5,2.5,1.1,0.9,1.9,3.2,14.1
485,Yuta Watanabe\watanyu01,SG,25,MEM,11,0,70,3.6,10.3,.350,1.0,2.6,.400,2.6,7.7,.333,1.0,3.1,.333,1.0,4.6,5.7,1.5,0.5,0.5,0.5,3.6,9.3
486,Tremont Waters\watertr01,PG,22,BOS,9,0,73,4.9,13.8,.357,1.0,7.4,.133,3.9,6.4,.615,3.0,3.0,1.000,0.0,3.5,3.5,4.9,2.5,1.0,3.9,4.9,13.8
487,Paul Watson\watsopa01,SF-SG,25,TOT,5,0,25,0.0,11.5,.000,0.0,5.8,.000,0.0,5.8,.000,1.4,2.9,.500,0.0,5.8,5.8,7.2,1.4,1.4,0.0,1.4,1.4
487,Paul Watson\watsopa01,SG,25,ATL,2,0,17,0.0,14.8,.000,0.0,6.4,.000,0.0,8.5,.000,0.0,0.0,,0.0,4.2,4.2,6.4,2.1,0.0,0.0,2.1,0.0
487,Paul Watson\watsopa01,SF,25,TOR,3,0,8,0.0,4.5,.000,0.0,4.5,.000,0.0,0.0,,4.5,9.0,.500,0.0,9.0,9.0,9.0,0.0,4.5,0.0,0.0,4.5
488,Quinndary Weatherspoon\weathqu01,SG,23,SAS,1,0,4,0.0,9.0,.000,0.0,0.0,,0.0,9.0,.000,0.0,0.0,,0.0,0.0,0.0,0.0,0.0,0.0,0.0,0.0,0.0
489,Russell Westbrook\westbru01,PG,31,HOU,48,48,1724,10.7,22.8,.470,1.0,3.9,.249,9.7,18.8,.516,5.0,6.4,.787,1.7,6.3,7.9,7.2,1.6,0.3,4.3,3.6,27.4
490,Coby White\whiteco01,SG,19,CHI,59,0,1468,6.4,16.5,.387,2.8,8.0,.356,3.6,8.5,.417,2.1,2.7,.777,0.7,4.4,5.1,3.5,1.1,0.1,2.3,2.6,17.8
491,Derrick White\whitede01,SG,25,SAS,55,11,1313,5.2,11.4,.454,1.4,3.9,.355,3.8,7.5,.505,3.5,4.1,.846,0.8,3.9,4.7,5.0,0.9,1.2,1.7,3.1,15.2
492,Hassan Whiteside\whiteha01,C,30,POR,55,55,1711,7.7,12.6,.611,0.1,0.1,.600,7.6,12.5,.611,2.9,4.2,.692,4.6,11.8,16.5,1.4,0.5,3.6,2.2,3.5,18.4
493,Andrew Wiggins\wiggian01,SF-SG,24,TOT,48,48,1648,8.6,19.2,.448,2.2,6.6,.339,6.4,12.6,.505,3.7,5.1,.722,1.2,4.0,5.2,3.8,0.8,1.0,2.6,2.4,23.1
493,Andrew Wiggins\wiggian01,SF,24,MIN,42,42,1455,8.7,19.5,.444,2.3,6.8,.331,6.4,12.7,.505,3.7,5.1,.720,1.2,4.2,5.4,3.8,0.7,0.9,2.6,2.5,23.3
493,Andrew Wiggins\wiggian01,SG,24,GSW,6,6,193,7.8,16.2,.483,2.1,4.8,.423,5.8,11.4,.508,3.7,5.0,.741,1.5,2.4,3.9,3.2,1.7,1.7,2.2,2.1,21.5
494,Grant Williams\willigr01,PF,21,BOS,56,4,872,3.0,7.1,.419,0.8,3.1,.267,2.1,4.0,.536,1.5,2.1,.725,2.2,3.9,6.2,2.4,1.0,1.3,1.8,5.7,8.3
495,Johnathan Williams\willijo04,C,24,WAS,11,5,135,4.3,6.7,.640,0.0,0.5,.000,4.3,6.1,.696,0.8,1.3,.600,4.0,7.5,11.5,1.6,0.3,1.6,1.1,2.9,9.3
496,Kenrich Williams\willike04,PF,25,NOP,35,18,779,2.3,6.6,.343,1.2,4.4,.260,1.1,2.2,.511,0.4,1.1,.375,2.3,6.0,8.2,2.4,1.2,1.0,1.0,3.7,6.1
497,Lou Williams\willilo02,SG,33,LAC,56,8,1659,7.6,18.4,.415,2.2,6.1,.360,5.4,12.2,.442,5.8,6.6,.866,0.6,3.2,3.8,7.1,0.8,0.2,3.6,1.6,23.2
498,Marvin Williams\willima02,PF,33,TOT,47,1,910,4.2,9.3,.447,2.0,5.3,.370,2.2,4.0,.550,1.8,2.1,.865,0.8,4.5,5.3,1.9,1.3,0.9,1.0,3.2,12.1
498,Marvin Williams\willima02,PF,33,CHO,41,1,808,4.2,9.4,.448,2.0,5.2,.376,2.2,4.1,.538,1.9,2.2,.860,0.7,4.2,4.9,1.8,1.2,1.0,1.1,3.2,12.3
498,Marvin Williams\willima02,PF,33,MIL,6,0,102,3.9,8.8,.440,2.1,6.4,.333,1.8,2.5,.714,0.7,0.7,1.000,1.4,7.1,8.5,2.1,2.8,0.4,0.4,3.9,10.6
499,Robert Williams\williro04,C,22,BOS,19,1,269,4.4,6.6,.673,0.0,0.0,,4.4,6.6,.673,1.1,1.9,.571,3.1,8.6,11.6,2.8,2.3,2.8,2.1,4.6,9.9
500,Nigel Williams-Goss\willini01,PG,25,UTA,9,0,28,1.3,9.0,.143,0.0,2.6,.000,1.3,6.4,.200,2.6,2.6,1.000,2.6,3.9,6.4,6.4,1.3,1.3,2.6,2.6,5.1
501,Zion Williamson\willizi01,PF,19,NOP,14,14,400,11.3,19.4,.581,0.5,1.1,.417,10.8,18.3,.591,6.5,10.4,.626,4.1,4.5,8.6,2.9,1.0,0.5,3.2,2.1,29.4
502,D.J. Wilson\wilsodj01,PF,23,MIL,29,0,255,5.1,12.7,.400,1.7,6.8,.250,3.4,5.9,.571,0.8,1.3,.667,1.3,7.1,8.3,2.8,0.3,0.7,2.0,3.1,12.7
503,Justise Winslow\winslju01,SF,23,MIA,11,5,352,5.1,13.2,.388,0.6,2.8,.222,4.5,10.4,.431,1.8,2.8,.667,1.6,5.8,7.5,4.5,0.7,0.5,2.5,3.9,12.7
504,Christian Wood\woodch01,PF,24,DET,57,7,1140,7.4,13.3,.556,1.4,3.7,.376,6.0,9.6,.625,5.2,6.9,.753,2.9,8.0,10.8,1.6,0.9,1.6,2.2,2.8,21.4
505,Delon Wright\wrighde01,SG,27,DAL,58,4,1228,4.7,10.0,.472,1.1,2.9,.370,3.6,7.1,.515,1.9,2.5,.786,1.8,4.6,6.4,5.6,1.8,0.6,1.6,2.2,12.5
506,Justin Wright-Foreman\wrighju02,PG,22,UTA,1,0,2,0.0,0.0,,0.0,0.0,,0.0,0.0,,0.0,0.0,,0.0,0.0,0.0,0.0,0.0,0.0,0.0,0.0,0.0
507,Thaddeus Young\youngth01,PF,31,CHI,58,14,1423,6.1,13.6,.448,1.8,4.9,.369,4.3,8.6,.493,0.9,1.5,.590,2.1,5.0,7.1,2.6,1.9,0.5,2.4,3.0,14.9
508,Trae Young\youngtr01,PG,21,ATL,55,55,1946,9.4,21.2,.442,3.5,9.6,.367,5.8,11.6,.504,8.1,9.5,.859,0.5,3.9,4.4,9.5,1.1,0.1,4.9,1.7,30.4
509,Cody Zeller\zelleco01,C,27,CHO,53,34,1224,6.8,13.2,.517,0.5,2.1,.236,6.3,11.1,.570,3.1,4.6,.679,4.3,6.8,11.1,2.3,1.1,0.7,1.9,3.9,17.3
510,Ante Žižić\zizican01,C,23,CLE,19,0,185,7.0,11.5,.610,0.0,0.0,,7.0,11.5,.610,2.7,3.1,.875,2.7,9.0,11.7,1.2,1.4,1.0,1.9,4.5,16.7
511,Ivica Zubac\zubaciv01,C,22,LAC,59,57,1064,6.4,10.8,.592,0.0,0.1,.000,6.4,10.7,.596,3.2,4.3,.746,5.2,9.1,14.3,2.2,0.4,1.9,1.7,4.7,16.0