Rk,Player,Pos,Age,Tm,G,GS,MP,FG,FGA,FG%,3P,3PA,3P%,2P,2PA,2P%,eFG%,FT,FTA,FT%,ORB,DRB,TRB,AST,STL,BLK,TOV,PF,PTS
1,Steven Adams\adamsst01,C,26,OKC,54,54,26.9,4.6,7.8,.592,0.0,0.1,.333,4.6,7.8,.594,.594,1.9,3.1,.607,3.4,6.0,9.4,2.5,0.8,1.1,1.5,1.9,11.2
2,Bam Adebayo\adebaba01,PF,22,MIA,59,59,34.4,6.2,10.9,.571,0.0,0.2,.077,6.2,10.7,.582,.572,3.7,5.4,.689,2.5,7.9,10.5,5.1,1.3,1.2,2.8,2.5,16.2
3,LaMarcus Aldridge\aldrila01,C,34,SAS,52,52,33.0,7.3,14.8,.495,1.2,2.9,.392,6.2,11.9,.520,.534,3.0,3.6,.829,2.0,5.5,7.5,2.4,0.6,1.6,1.4,2.4,18.8
4,Nickeil Alexander-Walker\alexani01,SG,21,NOP,41,0,12.2,1.9,5.5,.339,1.0,2.9,.342,0.9,2.7,.336,.427,0.4,0.7,.607,0.2,1.8,2.0,1.8,0.3,0.2,1.0,1.1,5.1
5,Grayson Allen\allengr01,SG,24,MEM,30,0,16.6,2.6,5.9,.449,1.1,3.0,.363,1.5,2.8,.541,.543,1.0,1.2,.857,0.2,2.0,2.2,1.4,0.2,0.0,0.8,1.2,7.4
6,Jarrett Allen\allenja01,C,21,BRK,58,54,26.1,4.2,6.5,.646,0.0,0.1,.000,4.2,6.4,.654,.646,2.3,3.8,.621,3.0,6.5,9.6,1.4,0.6,1.4,1.1,2.4,10.8
7,Kadeem Allen\allenka01,SG,27,NYK,10,0,11.7,1.9,4.4,.432,0.5,1.6,.313,1.4,2.8,.500,.489,0.7,1.1,.636,0.2,0.7,0.9,2.1,0.5,0.2,0.8,0.7,5.0
8,Al-Farouq Aminu\aminual01,PF,29,ORL,18,2,21.1,1.4,4.8,.291,0.5,2.0,.250,0.9,2.8,.320,.343,1.1,1.6,.655,1.3,3.5,4.8,1.2,1.0,0.4,0.9,1.5,4.3
9,Justin Anderson\anderju01,SF,26,BRK,3,0,5.7,0.3,2.0,.167,0.0,1.0,.000,0.3,1.0,.333,.167,0.3,0.7,.500,0.0,0.7,0.7,0.0,0.0,0.3,0.0,0.7,1.0
10,Kyle Anderson\anderky01,PF,26,MEM,53,14,18.6,2.3,4.6,.496,0.2,0.9,.229,2.1,3.7,.561,.518,0.7,1.1,.655,0.9,3.4,4.3,2.2,0.8,0.5,0.8,1.5,5.5
11,Ryan Anderson\anderry01,PF,31,HOU,2,0,7.0,1.0,3.5,.286,0.5,2.5,.200,0.5,1.0,.500,.357,0.0,0.0,,0.0,3.5,3.5,1.0,0.5,0.0,0.5,0.5,2.5
12,Giannis Antetokounmpo\antetgi01,PF,25,MIL,53,53,30.8,10.9,19.8,.553,1.5,4.7,.317,9.5,15.1,.626,.591,6.3,10.2,.622,2.3,11.3,13.7,5.8,1.0,1.1,3.7,3.1,29.7
13,Kostas Antetokounmpo\antetko01,PF,22,LAL,3,0,1.7,0.0,0.0,,0.0,0.0,,0.0,0.0,,,0.0,0.0,,0.0,0.3,0.3,0.3,0.0,0.0,0.0,0.0,0.0
14,Thanasis Antetokounmpo\antetth01,SF,27,MIL,16,1,4.4,1.0,1.8,.552,0.0,0.3,.000,1.0,1.6,.640,.552,0.3,0.6,.444,0.4,0.3,0.8,0.4,0.3,0.1,0.4,0.6,2.3
15,Carmelo Anthony\anthoca01,PF,35,POR,44,44,32.7,5.8,13.9,.421,1.5,4.0,.360,4.4,9.8,.446,.473,2.3,2.7,.850,1.3,5.2,6.4,1.5,0.8,0.5,1.7,2.9,15.5
16,OG Anunoby\anunoog01,SF,22,TOR,58,57,29.5,4.1,8.3,.497,1.2,3.4,.367,2.9,4.9,.587,.572,0.9,1.3,.680,1.2,4.3,5.4,1.6,1.3,0.7,1.2,2.4,10.3
17,Ryan Arcidiacono\arcidry01,PG,25,CHI,55,4,15.7,1.5,3.7,.395,0.9,2.4,.382,0.6,1.3,.419,.517,0.5,0.6,.735,0.3,1.5,1.8,1.6,0.4,0.1,0.6,1.7,4.3
18,Trevor Ariza\arizatr01,SF,34,TOT,47,15,27.3,2.5,5.8,.436,1.3,3.7,.366,1.2,2.1,.554,.551,0.9,1.1,.824,0.6,4.0,4.6,1.6,1.3,0.3,1.0,2.1,7.3
18,Trevor Ariza\arizatr01,SF,34,SAC,32,0,24.7,2.0,5.2,.388,1.3,3.8,.352,0.7,1.3,.488,.518,0.7,0.8,.778,0.7,3.9,4.6,1.6,1.1,0.2,0.9,2.0,6.0
18,Trevor Ariza\arizatr01,SF,34,POR,15,15,32.8,3.7,7.2,.509,1.3,3.3,.400,2.3,3.9,.603,.602,1.4,1.6,.875,0.6,4.1,4.7,1.8,1.7,0.3,1.2,2.3,10.1
19,D.J. Augustin\augusdj01,PG,32,ORL,43,6,25.1,3.1,8.1,.388,1.2,3.5,.340,2.0,4.6,.424,.461,2.7,3.1,.881,0.4,2.0,2.3,4.5,0.7,0.0,1.4,1.1,10.2
20,Deandre Ayton\aytonde01,C,21,PHO,28,23,33.0,8.6,15.5,.556,0.0,0.1,.000,8.6,15.4,.560,.556,1.9,2.5,.768,4.2,7.8,12.0,2.0,0.7,1.6,2.2,3.1,19.2
21,Dwayne Bacon\bacondw01,SG,24,CHO,39,11,17.6,2.2,6.3,.348,0.5,1.7,.284,1.7,4.5,.373,.387,0.9,1.4,.660,0.4,2.2,2.6,1.3,0.6,0.1,0.9,1.3,5.7
22,Marvin Bagley\baglema01,PF,20,SAC,13,6,25.7,6.0,12.8,.467,0.3,1.7,.182,5.7,11.2,.510,.479,1.9,2.4,.806,2.2,5.2,7.5,0.8,0.5,0.9,1.4,3.3,14.2
23,Lonzo Ball\balllo01,PG,22,NOP,51,42,32.1,4.3,10.9,.397,2.3,6.3,.366,2.0,4.6,.439,.502,0.6,1.1,.571,1.1,5.0,6.1,6.9,1.4,0.5,2.9,2.0,11.6
24,Mo Bamba\bambamo01,C,21,ORL,54,0,14.9,2.2,4.7,.473,0.6,1.7,.351,1.6,3.0,.543,.537,0.5,0.7,.692,1.6,3.4,5.0,0.7,0.4,1.5,0.8,2.0,5.6
25,J.J. Barea\bareajo01,PG,35,DAL,21,4,15.5,3.3,7.5,.443,1.3,3.0,.438,2.0,4.5,.447,.532,0.8,0.8,1.000,0.5,1.6,2.1,3.8,0.2,0.1,1.5,0.9,8.8
26,Harrison Barnes\barneha02,PF,27,SAC,59,59,34.8,5.2,11.2,.460,1.4,3.8,.372,3.7,7.4,.506,.523,3.1,3.9,.804,0.9,3.8,4.7,2.3,0.6,0.2,1.3,1.3,14.9
27,RJ Barrett\barrerj01,SG,19,NYK,49,48,30.4,5.0,12.9,.389,1.0,3.4,.307,4.0,9.5,.418,.429,2.7,4.4,.604,1.0,4.1,5.1,2.4,0.9,0.3,2.1,2.2,13.7
28,Will Barton\bartowi01,SF,29,DEN,52,52,33.0,5.6,12.6,.446,1.8,4.7,.388,3.8,7.9,.479,.518,1.8,2.3,.762,1.4,4.9,6.4,3.8,1.1,0.5,1.5,2.1,14.8
29,Keita Bates-Diop\bateske01,SF,24,TOT,39,0,17.1,2.3,5.3,.428,0.8,2.4,.330,1.5,2.9,.509,.502,1.3,1.8,.710,0.5,2.3,2.9,0.8,0.4,0.5,0.4,1.0,6.6
29,Keita Bates-Diop\bateske01,SF,24,MIN,37,0,17.5,2.4,5.6,.422,0.8,2.5,.330,1.5,3.0,.500,.498,1.2,1.8,.708,0.6,2.4,3.0,0.8,0.5,0.5,0.4,1.0,6.8
29,Keita Bates-Diop\bateske01,SF,24,DEN,2,0,9.5,1.0,1.0,1.000,0.0,0.0,,1.0,1.0,1.000,1.000,1.5,2.0,.750,0.0,1.0,1.0,0.0,0.0,0.5,0.0,1.0,3.5
30,Nicolas Batum\batumni01,SF,31,CHO,22,3,23.0,1.3,3.7,.346,0.6,2.2,.286,0.6,1.5,.438,.432,0.4,0.5,.900,1.1,3.4,4.5,3.0,0.8,0.4,1.0,1.9,3.6
31,Aron Baynes\baynear01,C,33,PHO,38,25,21.6,4.2,8.5,.488,1.2,3.6,.326,3.0,5.0,.603,.556,1.2,1.7,.723,1.6,3.9,5.5,1.7,0.2,0.5,1.1,3.4,10.7
32,Kent Bazemore\bazemke01,SF-SG,30,TOT,59,21,24.8,2.8,7.7,.366,1.3,3.7,.343,1.6,4.1,.388,.447,1.6,2.2,.756,0.4,3.8,4.2,1.3,1.1,0.6,1.3,2.8,8.5
32,Kent Bazemore\bazemke01,SF,30,POR,43,21,25.8,2.6,7.6,.347,1.3,4.0,.327,1.3,3.6,.368,.433,1.3,1.7,.806,0.3,3.7,4.0,1.4,1.0,0.7,1.4,2.8,7.9
32,Kent Bazemore\bazemke01,SG,30,SAC,16,0,22.1,3.4,8.1,.415,1.1,2.8,.400,2.3,5.3,.424,.485,2.4,3.4,.691,0.6,4.0,4.6,1.0,1.3,0.4,1.1,2.8,10.3
33,Darius Bazley\bazleda01,PF,19,OKC,53,8,17.2,1.7,4.3,.383,0.6,1.9,.300,1.1,2.5,.446,.448,0.6,0.9,.681,0.4,3.3,3.7,0.5,0.4,0.7,0.8,0.8,4.5
34,Bradley Beal\bealbr01,SG,26,WAS,51,51,35.9,10.4,22.7,.458,2.8,8.3,.335,7.6,14.4,.529,.519,6.8,8.0,.844,1.0,3.4,4.4,6.0,1.1,0.4,3.4,2.3,30.3
35,Malik Beasley\beaslma01,SG,23,TOT,49,8,20.8,3.7,9.0,.407,1.8,4.8,.376,1.8,4.1,.443,.508,1.0,1.2,.825,0.3,2.2,2.5,1.3,0.8,0.2,1.0,1.4,10.1
35,Malik Beasley\beaslma01,SG,23,DEN,41,0,18.2,2.9,7.3,.389,1.4,3.9,.360,1.4,3.4,.421,.485,0.8,0.9,.868,0.2,1.7,1.9,1.2,0.8,0.1,0.9,1.2,7.9
35,Malik Beasley\beaslma01,SG,23,MIN,8,8,33.9,7.8,17.4,.446,3.9,9.5,.408,3.9,7.9,.492,.558,1.8,2.4,.737,0.8,5.0,5.8,2.3,0.8,0.3,1.5,2.6,21.1
36,Marco Belinelli\belinma01,SG,33,SAS,49,0,15.2,2.0,5.3,.384,1.1,3.0,.363,0.9,2.3,.411,.486,0.7,0.8,.780,0.1,1.7,1.8,1.3,0.2,0.0,0.3,0.8,5.8
37,Jordan Bell\belljo01,C-PF,25,TOT,29,0,8.8,1.2,2.3,.522,0.1,0.4,.333,1.1,1.9,.564,.552,0.7,1.1,.613,1.0,1.8,2.8,0.6,0.1,0.3,0.7,0.7,3.2
37,Jordan Bell\belljo01,C,25,MIN,27,0,8.7,1.2,2.2,.533,0.1,0.3,.222,1.1,1.9,.588,.550,0.6,1.1,.586,1.0,1.9,2.9,0.5,0.1,0.4,0.7,0.6,3.1
37,Jordan Bell\belljo01,PF,25,MEM,2,0,10.5,1.5,3.5,.429,1.0,1.5,.667,0.5,2.0,.250,.571,1.0,1.0,1.000,1.0,0.5,1.5,1.0,0.5,0.0,1.5,1.0,5.0
38,DeAndre' Bembry\bembrde01,SG,25,ATL,43,4,21.3,2.4,5.3,.456,0.3,1.5,.231,2.1,3.8,.546,.489,0.6,1.1,.542,0.8,2.7,3.5,1.9,1.3,0.4,1.4,2.0,5.8
39,Dragan Bender\bendedr01,SF,22,TOT,10,1,15.8,1.4,3.9,.359,0.6,2.0,.300,0.8,1.9,.421,.436,0.2,0.5,.400,0.4,3.0,3.4,1.4,0.3,0.6,1.1,2.4,3.6
39,Dragan Bender\bendedr01,SF,22,MIL,7,0,13.0,1.4,3.0,.476,0.6,1.3,.444,0.9,1.7,.500,.571,0.3,0.4,.667,0.0,2.9,2.9,1.3,0.0,0.7,0.7,2.3,3.7
39,Dragan Bender\bendedr01,SF,22,GSW,3,1,22.3,1.3,6.0,.222,0.7,3.7,.182,0.7,2.3,.286,.278,0.0,0.7,.000,1.3,3.3,4.7,1.7,1.0,0.3,2.0,2.7,3.3
40,Dāvis Bertāns\bertada01,PF,27,WAS,48,4,29.4,4.8,11.1,.429,3.5,8.4,.415,1.3,2.6,.476,.588,1.9,2.1,.864,0.7,4.0,4.6,1.8,0.7,0.6,1.0,2.5,14.9
41,Patrick Beverley\beverpa01,PG,31,LAC,43,43,27.6,3.0,7.0,.435,1.6,4.3,.375,1.4,2.7,.530,.550,0.6,0.9,.632,1.3,4.4,5.6,3.9,1.2,0.6,1.3,3.2,8.3
42,Khem Birch\birchkh01,C,27,ORL,38,24,20.3,1.5,3.0,.496,0.0,0.0,.000,1.5,2.9,.500,.496,1.1,1.8,.612,1.8,2.9,4.7,0.9,0.4,0.6,0.6,1.9,4.0
43,Goga Bitadze\bitadgo01,C,20,IND,45,2,8.6,1.2,2.6,.475,0.1,0.7,.167,1.1,2.0,.580,.496,0.5,0.7,.710,0.5,1.6,2.1,0.5,0.1,0.7,0.5,1.2,3.1
44,Bismack Biyombo\biyombi01,C,27,CHO,50,28,19.2,2.9,5.3,.548,0.0,0.0,,2.9,5.3,.548,.548,1.7,2.9,.590,2.3,3.5,5.8,0.9,0.2,0.9,0.9,2.2,7.5
45,Nemanja Bjelica\bjeline01,PF,31,SAC,59,56,28.6,4.6,9.5,.480,2.1,4.7,.440,2.5,4.9,.517,.587,0.9,1.1,.818,1.7,4.8,6.4,2.8,0.8,0.5,1.4,3.1,12.1
46,Eric Bledsoe\bledser01,PG,30,MIL,51,51,27.3,5.7,11.9,.480,1.3,3.7,.353,4.4,8.2,.538,.535,2.9,3.5,.827,0.8,4.1,4.8,5.5,0.9,0.5,2.4,2.1,15.7
47,Bogdan Bogdanović\bogdabo01,SG,27,SAC,48,15,28.3,5.1,12.1,.424,2.5,7.1,.355,2.6,5.0,.523,.528,1.4,1.9,.720,0.4,2.9,3.2,3.1,1.0,0.2,1.7,2.1,14.2
48,Bojan Bogdanović\bogdabo02,SF,30,UTA,58,58,33.3,6.6,14.9,.445,3.0,7.3,.415,3.6,7.6,.473,.546,4.0,4.4,.903,0.6,3.5,4.1,2.1,0.6,0.1,2.5,1.7,20.3
49,Jonah Bolden\boldejo01,PF,24,TOT,7,0,6.7,0.6,1.6,.364,0.0,0.6,.000,0.6,1.0,.571,.364,0.3,0.6,.500,0.4,0.9,1.3,0.0,0.4,0.3,0.3,1.4,1.4
49,Jonah Bolden\boldejo01,PF,24,PHI,4,0,3.5,0.5,0.8,.667,0.0,0.3,.000,0.5,0.5,1.000,.667,0.0,0.5,.000,0.0,0.3,0.3,0.0,0.3,0.0,0.5,1.0,1.0
49,Jonah Bolden\boldejo01,PF,24,PHO,3,0,11.0,0.7,2.7,.250,0.0,1.0,.000,0.7,1.7,.400,.250,0.7,0.7,1.000,1.0,1.7,2.7,0.0,0.7,0.7,0.0,2.0,2.0
50,Marques Bolden\boldema01,C,21,CLE,1,0,3.0,0.0,0.0,,0.0,0.0,,0.0,0.0,,,0.0,0.0,,0.0,2.0,2.0,0.0,1.0,0.0,0.0,1.0,0.0
51,Jordan Bone\bonejo01,PG,22,DET,10,0,5.3,0.5,2.0,.250,0.2,1.0,.200,0.3,1.0,.300,.300,0.0,0.0,,0.0,0.4,0.4,0.8,0.1,0.0,0.2,0.6,1.2
52,Isaac Bonga\bongais01,SF,20,WAS,53,38,17.7,1.7,3.2,.518,0.4,0.9,.388,1.3,2.3,.570,.574,0.9,1.1,.793,1.1,2.3,3.4,1.1,0.6,0.4,0.7,2.3,4.5
53,Devin Booker\bookede01,SG,23,PHO,57,57,36.0,8.8,18.0,.490,1.9,5.5,.355,6.9,12.5,.550,.544,6.5,7.1,.918,0.5,3.7,4.2,6.5,0.7,0.2,3.9,3.0,26.1
54,Chris Boucher\bouchch01,PF,27,TOR,51,0,13.2,2.2,4.7,.465,0.5,1.7,.281,1.7,3.0,.572,.517,1.4,1.8,.785,1.7,2.7,4.4,0.5,0.4,1.0,0.4,1.9,6.3
55,Brian Bowen\bowenbr02,SG,21,IND,4,0,3.5,0.5,1.3,.400,0.0,0.3,.000,0.5,1.0,.500,.400,0.0,0.0,,0.0,0.8,0.8,0.0,0.0,0.3,0.0,0.0,1.0
56,Ky Bowman\bowmaky01,PG,22,GSW,44,12,22.5,2.9,7.2,.410,0.7,2.4,.305,2.2,4.8,.462,.460,0.8,0.9,.829,0.5,2.1,2.7,3.0,1.0,0.2,1.6,2.2,7.4
57,Avery Bradley\bradlav01,SG,29,LAL,43,38,23.5,3.4,7.6,.455,1.1,3.1,.363,2.3,4.4,.521,.531,0.4,0.5,.800,0.4,1.9,2.3,1.2,0.9,0.1,0.9,2.3,8.4
58,Tony Bradley\bradlto01,C,22,UTA,45,2,10.3,1.9,3.0,.644,0.0,0.0,1.000,1.9,3.0,.642,.648,0.6,0.8,.658,1.8,2.4,4.2,0.3,0.2,0.4,0.5,1.9,4.4
59,Jarrell Brantley\brantja01,PF,23,UTA,3,0,3.7,0.0,0.0,,0.0,0.0,,0.0,0.0,,,0.0,0.0,,0.0,1.7,1.7,0.3,0.0,0.7,0.3,0.3,0.0
60,Ignas Brazdeikis\brazdig01,SF,21,NYK,9,0,5.9,0.7,2.4,.273,0.1,1.0,.111,0.6,1.4,.385,.295,0.4,0.6,.800,0.2,0.3,0.6,0.4,0.0,0.1,0.2,0.3,1.9
61,Mikal Bridges\bridgmi01,SF,23,PHO,60,19,26.2,3.0,5.9,.511,0.8,2.2,.341,2.3,3.7,.612,.574,1.4,1.6,.837,0.9,3.0,3.9,1.7,1.5,0.6,0.9,2.2,8.2
62,Miles Bridges\bridgmi02,SF,21,CHO,59,58,30.7,5.1,11.5,.438,1.6,4.6,.346,3.5,6.9,.499,.507,1.6,2.0,.802,1.4,4.1,5.5,1.7,0.6,0.7,1.5,2.1,13.3
63,Oshae Brissett\brissos01,SF,21,TOR,19,0,7.1,0.7,1.9,.361,0.2,0.8,.200,0.5,1.1,.476,.403,0.4,0.5,.800,0.5,0.9,1.4,0.4,0.2,0.1,0.4,0.9,1.9
64,Ryan Broekhoff\broekry01,SG,29,DAL,17,1,10.6,1.3,3.5,.373,1.2,3.0,.392,0.1,0.5,.250,.542,0.4,0.5,.875,0.3,2.2,2.5,0.6,0.3,0.2,0.4,0.9,4.2
65,Malcolm Brogdon\brogdma01,PG,27,IND,45,45,30.9,6.0,13.9,.432,1.3,4.2,.314,4.7,9.7,.483,.479,3.0,3.3,.887,0.9,3.9,4.8,7.2,0.7,0.2,2.5,1.8,16.3
66,Dillon Brooks\brookdi01,SG,24,MEM,59,59,28.5,5.7,14.1,.407,2.0,5.4,.375,3.7,8.7,.426,.478,2.2,2.7,.816,1.0,2.3,3.3,2.1,0.9,0.4,1.6,3.8,15.6
67,Bruce Brown\brownbr01,SG,23,DET,56,42,28.1,3.4,7.6,.443,0.6,1.6,.337,2.8,6.0,.472,.479,1.6,2.1,.737,1.0,3.7,4.7,3.9,1.1,0.5,1.7,2.8,8.9
68,Charlie Brown\brownch02,SG,22,ATL,10,0,4.0,0.6,1.9,.316,0.3,0.9,.333,0.3,1.0,.300,.395,0.5,0.5,1.000,0.2,0.2,0.4,0.2,0.2,0.2,0.3,0.3,2.0
69,Jaylen Brown\brownja02,SF,23,BOS,48,48,33.8,7.5,15.3,.494,2.1,5.5,.383,5.4,9.7,.557,.563,3.2,4.3,.741,1.1,5.4,6.4,2.1,1.1,0.3,2.3,3.0,20.4
70,Moses Brown\brownmo01,C,20,POR,9,0,3.7,0.4,1.1,.400,0.0,0.0,,0.4,1.1,.400,.400,0.3,0.9,.375,0.3,1.2,1.6,0.1,0.1,0.1,0.3,0.8,1.2
71,Sterling Brown\brownst02,SF,24,MIL,41,0,14.5,1.7,4.7,.368,0.8,2.4,.320,1.0,2.3,.419,.451,0.6,0.8,.788,0.6,3.1,3.7,1.0,0.5,0.1,0.8,1.1,4.9
72,Troy Brown\browntr01,SG,20,WAS,55,14,25.2,3.9,8.5,.461,0.8,2.4,.336,3.1,6.1,.510,.509,1.4,1.9,.755,1.1,4.3,5.3,2.3,1.3,0.1,1.0,1.9,10.0
73,Jalen Brunson\brunsja01,PG,23,DAL,57,16,17.9,3.2,6.8,.466,0.8,2.1,.358,2.4,4.7,.515,.522,1.1,1.3,.813,0.4,2.0,2.4,3.3,0.4,0.1,1.2,1.3,8.2
74,Thomas Bryant\bryanth01,C,22,WAS,33,23,24.3,5.1,8.5,.594,0.5,1.4,.362,4.5,7.1,.641,.625,1.8,2.5,.716,2.1,5.0,7.1,2.0,0.3,0.8,1.3,2.2,12.4
75,Reggie Bullock\bullore01,SG,28,NYK,25,19,24.5,3.4,8.5,.396,1.4,4.2,.340,1.9,4.2,.453,.481,0.6,0.8,.842,0.5,1.8,2.3,1.4,1.0,0.0,0.6,2.1,8.8
76,Trey Burke\burketr01,PG,27,PHI,25,0,13.2,2.4,5.1,.465,0.6,1.5,.421,1.7,3.6,.483,.528,0.5,0.7,.722,0.6,0.8,1.4,2.1,0.3,0.0,0.5,0.8,5.9
77,Alec Burks\burksal01,SG,28,TOT,54,18,27.9,4.9,12.1,.404,1.7,4.6,.366,3.2,7.6,.427,.473,3.9,4.3,.897,0.7,3.7,4.5,3.0,1.0,0.3,1.5,2.1,15.4
77,Alec Burks\burksal01,SG,28,GSW,48,18,29.0,5.1,12.5,.406,1.8,4.7,.375,3.3,7.9,.424,.476,4.2,4.7,.897,0.8,3.9,4.7,3.1,1.0,0.4,1.6,2.2,16.1
77,Alec Burks\burksal01,SG,28,PHI,6,0,19.5,3.5,9.2,.382,1.0,3.7,.273,2.5,5.5,.455,.436,1.3,1.5,.889,0.3,2.2,2.5,1.7,0.7,0.0,0.5,1.5,9.3
78,Deonte Burton\burtode02,SG,26,OKC,32,0,8.6,1.2,3.2,.363,0.3,1.4,.205,0.9,1.8,.483,.407,0.2,0.4,.500,0.2,1.3,1.4,0.3,0.2,0.3,0.4,0.9,2.8
79,Jimmy Butler\butleji01,SF,30,MIA,49,49,34.4,6.2,13.6,.455,0.6,2.3,.246,5.6,11.2,.498,.476,7.7,9.2,.838,1.8,4.9,6.8,6.2,1.7,0.6,2.3,1.4,20.6
80,Bruno Caboclo\cabocbr01,SF,24,TOT,25,0,8.2,1.2,2.9,.403,0.2,1.1,.148,1.0,1.8,.556,.431,0.2,0.2,.800,0.8,1.2,1.9,0.4,0.5,0.6,0.4,1.0,2.6
80,Bruno Caboclo\cabocbr01,SF,24,MEM,22,0,8.7,1.3,3.1,.406,0.2,1.1,.160,1.1,2.0,.545,.435,0.1,0.1,.667,0.8,1.2,2.0,0.5,0.5,0.5,0.3,1.0,2.8
80,Bruno Caboclo\cabocbr01,SF,24,HOU,3,0,4.7,0.3,1.0,.333,0.0,0.7,.000,0.3,0.3,1.000,.333,0.7,0.7,1.000,0.7,0.7,1.3,0.0,0.7,0.7,0.7,0.3,1.3
81,Kentavious Caldwell-Pope\caldwke01,SG,26,LAL,57,20,25.4,3.5,7.4,.470,1.4,3.6,.404,2.0,3.8,.532,.568,1.2,1.6,.780,0.6,1.5,2.1,1.7,0.9,0.2,0.9,1.8,9.6
82,Vlatko Čančar\cancavl01,SF,22,DEN,12,0,3.5,0.5,1.3,.400,0.1,0.5,.167,0.4,0.8,.556,.433,0.3,0.3,1.000,0.4,0.4,0.8,0.3,0.1,0.1,0.3,0.6,1.4
83,Clint Capela\capelca01,C,25,HOU,39,39,32.8,6.3,9.9,.629,0.0,0.0,,6.3,9.9,.629,.629,1.4,2.7,.529,4.3,9.5,13.8,1.2,0.8,1.8,1.6,2.6,13.9
84,DeMarre Carroll\carrode01,SF,33,TOT,18,0,10.1,0.7,2.2,.325,0.3,1.2,.238,0.4,1.1,.421,.388,0.8,1.4,.560,0.5,1.8,2.3,0.9,0.2,0.2,0.8,1.3,2.5
84,DeMarre Carroll\carrode01,SF,33,SAS,15,0,9.0,0.6,1.9,.310,0.2,0.9,.231,0.4,1.1,.375,.362,0.8,1.3,.600,0.5,1.6,2.1,0.7,0.1,0.1,0.7,1.3,2.2
84,DeMarre Carroll\carrode01,SF,33,HOU,3,0,15.3,1.3,3.7,.364,0.7,2.7,.250,0.7,1.0,.667,.455,0.7,1.7,.400,0.7,3.0,3.7,1.7,0.7,0.7,1.7,1.0,4.0
85,Jevon Carter\carteje01,PG,24,PHO,45,2,14.4,1.5,3.8,.401,0.9,2.2,.412,0.6,1.7,.387,.517,0.3,0.4,.833,0.5,1.4,1.9,1.4,0.8,0.2,0.6,1.4,4.3
86,Vince Carter\cartevi01,SF,43,ATL,54,0,14.5,1.7,5.0,.351,0.9,3.2,.291,0.8,1.7,.462,.446,0.4,0.5,.793,0.3,1.8,2.1,0.8,0.4,0.5,0.6,1.5,4.9
87,Wendell Carter\cartewe01,C,20,CHI,37,37,30.0,4.5,8.4,.537,0.2,0.8,.214,4.3,7.6,.569,.547,2.6,3.5,.736,3.5,6.4,9.9,1.2,0.8,0.9,1.7,3.8,11.7
88,Michael Carter-Williams\cartemi01,SG,28,ORL,36,0,17.8,2.2,5.4,.410,0.4,1.4,.255,1.9,4.0,.465,.444,1.5,1.9,.794,1.1,2.3,3.4,2.5,1.1,0.5,1.0,1.8,6.3
89,Alex Caruso\carusal01,PG,25,LAL,54,0,18.0,1.9,4.5,.420,0.6,1.9,.347,1.3,2.7,.472,.492,1.0,1.3,.764,0.2,1.7,1.9,1.8,1.1,0.3,0.8,1.5,5.5
90,Willie Cauley-Stein\caulewi01,C,26,TOT,50,39,21.0,3.3,5.8,.574,0.0,0.0,.000,3.3,5.8,.576,.574,0.8,1.3,.619,1.6,4.3,5.9,1.3,1.0,1.2,0.8,2.4,7.5
90,Willie Cauley-Stein\caulewi01,C,26,GSW,41,37,22.9,3.5,6.3,.560,0.0,0.0,,3.5,6.3,.560,.560,0.9,1.4,.614,1.7,4.5,6.2,1.5,1.1,1.2,0.9,2.5,7.9
90,Willie Cauley-Stein\caulewi01,C,26,DAL,9,2,12.3,2.6,3.8,.676,0.0,0.1,.000,2.6,3.7,.697,.676,0.4,0.7,.667,1.0,3.6,4.6,0.8,0.4,0.9,0.4,1.8,5.6
91,Tyson Chandler\chandty01,C,37,HOU,26,5,8.4,0.5,0.7,.778,0.0,0.0,,0.5,0.7,.778,.778,0.2,0.5,.462,1.0,1.6,2.5,0.2,0.2,0.3,0.3,1.2,1.3
92,Wilson Chandler\chandwi01,SF,32,BRK,29,0,21.1,2.2,5.3,.416,1.0,3.4,.296,1.2,1.9,.625,.510,0.6,0.7,.857,0.4,4.0,4.4,1.1,0.6,0.4,1.0,2.2,6.0
93,Joe Chealey\chealjo01,PG,24,CHO,2,0,9.5,0.0,1.5,.000,0.0,1.0,.000,0.0,0.5,.000,.000,0.0,0.0,,0.0,0.0,0.0,0.5,1.5,0.0,0.0,1.0,0.0
94,Zylan Cheatham\cheatzy01,SF,24,NOP,3,0,10.3,0.7,1.7,.400,0.0,0.3,.000,0.7,1.3,.500,.400,0.0,0.0,,0.3,1.7,2.0,0.7,0.0,0.3,1.0,1.7,1.3
95,Chris Chiozza\chiozch01,PG,24,TOT,16,0,9.6,0.8,2.8,.289,0.5,1.4,.364,0.3,1.4,.217,.378,0.0,0.0,,0.1,1.1,1.2,2.2,0.8,0.1,0.8,0.8,2.1
95,Chris Chiozza\chiozch01,PG,24,WAS,10,0,12.3,1.0,3.4,.294,0.7,1.6,.438,0.3,1.8,.167,.397,0.0,0.0,,0.0,1.5,1.5,2.8,1.0,0.2,0.9,1.2,2.7
95,Chris Chiozza\chiozch01,PG,24,BRK,6,0,5.0,0.5,1.8,.273,0.2,1.0,.167,0.3,0.8,.400,.318,0.0,0.0,,0.2,0.5,0.7,1.2,0.3,0.0,0.5,0.0,1.2
96,Marquese Chriss\chrisma01,PF,22,GSW,53,15,19.4,3.4,6.2,.541,0.2,0.7,.222,3.2,5.6,.580,.553,1.9,2.5,.763,1.8,3.9,5.8,1.8,0.6,1.0,1.3,2.0,8.8
97,Gary Clark\clarkga01,PF,25,TOT,31,0,12.2,1.2,3.1,.379,0.9,2.6,.329,0.3,0.4,.692,.521,0.3,0.3,.889,0.8,1.6,2.5,0.4,0.1,0.4,0.1,0.9,3.5
97,Gary Clark\clarkga01,PF,25,HOU,18,0,11.8,1.3,3.3,.390,1.0,2.8,.353,0.3,0.4,.625,.542,0.3,0.4,.857,0.6,1.6,2.2,0.7,0.1,0.4,0.1,1.2,3.9
97,Gary Clark\clarkga01,PF,25,ORL,13,0,12.8,1.0,2.8,.361,0.7,2.4,.290,0.3,0.4,.800,.486,0.2,0.2,1.000,1.1,1.7,2.8,0.1,0.2,0.5,0.2,0.6,2.8
98,Brandon Clarke\clarkbr01,PF,23,MEM,50,3,21.7,5.1,8.2,.623,0.4,1.0,.404,4.7,7.1,.654,.648,1.5,1.9,.785,1.6,4.3,5.8,1.4,0.5,0.8,0.9,1.6,12.0
99,Jordan Clarkson\clarkjo01,SG,27,TOT,58,0,24.2,5.6,12.1,.465,2.1,5.7,.374,3.5,6.4,.545,.553,2.0,2.3,.846,0.8,1.9,2.7,2.0,0.7,0.3,1.3,1.4,15.4
99,Jordan Clarkson\clarkjo01,SG,27,CLE,29,0,23.0,5.0,11.2,.442,2.0,5.5,.371,2.9,5.8,.509,.532,2.6,3.0,.884,0.7,1.7,2.4,2.4,0.6,0.3,1.3,1.1,14.6
99,Jordan Clarkson\clarkjo01,SG,27,UTA,29,0,25.5,6.3,13.0,.485,2.2,5.9,.376,4.1,7.1,.575,.570,1.3,1.7,.780,0.8,2.2,3.1,1.6,0.7,0.2,1.2,1.7,16.2
100,Nicolas Claxton\claxtni01,PF,20,BRK,15,0,12.5,1.8,3.2,.563,0.1,0.5,.143,1.7,2.7,.634,.573,0.7,1.4,.524,1.3,1.7,2.9,1.1,0.1,0.5,0.6,0.9,4.4
101,Chris Clemons\clemoch01,SG,22,HOU,28,0,8.8,1.8,4.4,.403,1.2,3.3,.355,0.6,1.1,.548,.536,0.2,0.3,.857,0.1,0.7,0.8,0.8,0.2,0.2,0.6,0.7,5.0
102,Antonius Cleveland\clevean01,SG,25,DAL,6,0,3.7,0.3,1.0,.333,0.0,0.2,.000,0.3,0.8,.400,.333,0.2,0.3,.500,0.0,0.5,0.5,0.0,0.2,0.2,0.2,0.3,0.8
103,Amir Coffey\coffeam01,SG,22,LAC,9,0,8.9,1.1,2.4,.455,0.1,0.6,.200,1.0,1.9,.529,.477,0.1,0.3,.333,0.3,0.9,1.2,0.8,0.1,0.1,0.2,1.0,2.4
104,John Collins\collijo01,PF,22,ATL,35,35,32.6,8.6,14.7,.581,1.4,3.5,.395,7.2,11.2,.640,.629,2.8,3.5,.802,2.8,7.5,10.3,1.5,0.7,1.6,1.7,3.4,21.3
105,Zach Collins\colliza01,PF,22,POR,3,3,28.7,3.0,6.3,.474,1.0,2.3,.429,2.0,4.0,.500,.553,2.0,2.0,1.000,1.3,2.7,4.0,2.0,0.0,0.7,2.0,3.7,9.0
106,Mike Conley\conlemi01,PG,32,UTA,36,30,28.2,4.7,11.8,.395,1.8,5.0,.361,2.9,6.8,.420,.472,2.3,2.9,.792,0.6,2.7,3.3,4.2,0.7,0.1,1.8,2.3,13.5
107,Pat Connaughton\connapa01,SG,27,MIL,55,0,18.0,1.9,4.2,.463,0.7,2.2,.339,1.2,2.0,.600,.552,0.3,0.5,.720,0.9,3.3,4.2,1.6,0.3,0.5,0.7,0.9,5.0
108,Quinn Cook\cookqu01,PG,26,LAL,35,0,11.2,2.1,4.7,.446,0.7,1.8,.381,1.4,2.9,.485,.518,0.2,0.3,.667,0.2,0.9,1.1,1.1,0.3,0.0,0.7,0.6,5.1
109,Tyler Cook\cookty01,PF,22,CLE,11,0,3.2,0.6,0.9,.700,0.0,0.0,,0.6,0.9,.700,.700,0.5,0.5,.833,0.4,0.5,0.9,0.1,0.1,0.0,0.1,0.4,1.7
110,Robert Covington\covinro01,PF,29,TOT,56,54,29.7,4.5,10.4,.429,2.3,6.8,.343,2.1,3.6,.588,.540,1.5,1.8,.806,0.8,5.3,6.1,1.2,1.6,1.2,1.4,3.1,12.7
110,Robert Covington\covinro01,PF,29,MIN,48,47,29.4,4.5,10.3,.435,2.3,6.5,.346,2.3,3.8,.587,.544,1.6,2.0,.798,0.8,5.2,6.0,1.2,1.7,0.9,1.5,3.1,12.8
110,Robert Covington\covinro01,PF,29,HOU,8,7,31.3,4.3,10.9,.391,2.8,8.4,.328,1.5,2.5,.600,.517,1.0,1.1,.889,1.1,5.8,6.9,1.5,1.1,2.6,1.0,3.5,12.3
111,Allen Crabbe\crabbal01,SG,27,TOT,37,1,17.6,1.7,4.8,.356,1.0,3.2,.303,0.7,1.6,.466,.458,0.3,0.4,.714,0.3,1.8,2.1,0.9,0.4,0.1,0.5,1.3,4.6
111,Allen Crabbe\crabbal01,SG,27,ATL,28,1,18.6,1.9,5.1,.364,1.1,3.3,.323,0.8,1.8,.440,.469,0.3,0.4,.750,0.4,2.0,2.3,1.0,0.5,0.1,0.4,1.3,5.1
111,Allen Crabbe\crabbal01,SG,27,MIN,9,0,14.6,1.2,3.8,.324,0.7,2.9,.231,0.6,0.9,.625,.412,0.1,0.2,.500,0.1,1.2,1.3,0.6,0.0,0.0,0.6,1.2,3.2
112,Torrey Craig\craigto01,SF,29,DEN,45,19,17.9,1.8,4.1,.449,0.7,2.1,.316,1.2,2.0,.589,.530,0.4,0.7,.645,1.0,2.2,3.3,0.7,0.3,0.7,0.4,2.2,4.8
113,Jae Crowder\crowdja01,SF,29,TOT,53,46,29.5,3.4,8.9,.385,1.9,6.1,.320,1.5,2.8,.523,.494,1.7,2.2,.791,0.8,5.3,6.2,2.6,1.2,0.3,1.1,2.1,10.5
113,Jae Crowder\crowdja01,SF,29,MEM,45,45,29.4,3.3,8.9,.368,1.7,5.9,.293,1.5,3.0,.519,.466,1.7,2.1,.789,0.9,5.3,6.2,2.8,1.0,0.3,1.2,1.9,9.9
113,Jae Crowder\crowdja01,SF,29,MIA,8,1,30.1,4.4,9.3,.473,3.1,7.0,.446,1.3,2.3,.556,.642,2.0,2.5,.800,0.6,5.8,6.4,1.4,2.0,0.5,0.6,3.3,13.9
114,Jarrett Culver\culveja01,SG,20,MIN,57,35,24.1,3.6,9.1,.392,1.0,3.5,.287,2.5,5.5,.459,.448,0.9,1.9,.464,1.1,2.2,3.4,1.8,0.9,0.7,1.4,2.0,9.0
115,Seth Curry\curryse01,SG,29,DAL,56,18,24.4,4.3,8.8,.488,2.3,5.0,.448,2.1,3.8,.540,.615,1.3,1.5,.866,0.5,1.9,2.4,2.0,0.6,0.1,1.0,1.7,12.1
116,Stephen Curry\curryst01,PG,31,GSW,4,4,28.0,6.8,16.5,.409,2.3,9.3,.243,4.5,7.3,.621,.477,4.5,4.5,1.000,1.0,4.0,5.0,6.5,1.3,0.5,3.8,2.5,20.3
117,Troy Daniels\danietr01,SG,28,LAL,40,0,11.3,1.5,3.9,.389,1.0,2.8,.351,0.6,1.2,.478,.513,0.3,0.4,.625,0.3,0.9,1.2,0.4,0.2,0.1,0.2,0.8,4.3
118,Anthony Davis\davisan02,PF,26,LAL,50,50,34.5,9.2,18.0,.508,1.1,3.4,.324,8.1,14.6,.551,.539,7.2,8.5,.844,2.3,7.2,9.4,3.2,1.5,2.5,2.5,2.4,26.6
119,Ed Davis\davised01,C,30,UTA,25,0,10.7,0.6,1.4,.412,0.0,0.0,,0.6,1.4,.412,.412,0.2,0.4,.455,1.2,2.6,3.8,0.3,0.4,0.4,0.5,2.2,1.3
120,Terence Davis\daviste02,SG,22,TOR,59,2,17.5,3.0,6.3,.469,1.5,3.6,.408,1.5,2.7,.549,.584,0.7,0.8,.889,0.8,2.7,3.5,1.7,0.5,0.2,1.0,1.6,8.1
121,Dewayne Dedmon\dedmode01,C,30,TOT,40,14,17.0,2.2,5.4,.407,0.5,2.3,.209,1.7,3.1,.553,.451,0.7,0.8,.839,1.2,4.1,5.3,0.5,0.5,1.0,1.3,3.0,5.5
121,Dewayne Dedmon\dedmode01,C,30,SAC,34,10,15.9,2.0,5.0,.404,0.4,2.1,.197,1.6,2.9,.550,.444,0.7,0.8,.821,1.4,3.6,4.9,0.4,0.4,0.8,1.4,2.7,5.1
121,Dewayne Dedmon\dedmode01,C,30,ATL,6,4,22.8,3.0,7.2,.419,0.8,3.3,.250,2.2,3.8,.565,.477,0.5,0.5,1.000,0.3,7.0,7.3,0.7,0.7,2.0,0.8,4.5,7.3
122,Matthew Dellavedova\dellama01,PG,29,CLE,51,0,12.3,1.0,2.8,.348,0.3,1.5,.203,0.7,1.3,.507,.401,0.5,0.6,.867,0.3,0.8,1.1,2.6,0.3,0.0,0.9,1.3,2.7
123,DeMar DeRozan\derozde01,SF,30,SAS,55,55,34.1,8.5,16.0,.531,0.1,0.5,.267,8.3,15.4,.540,.535,5.7,6.7,.848,0.7,5.0,5.7,5.3,1.0,0.2,2.5,2.7,22.8
124,Cheick Diallo\diallch01,C,23,PHO,40,2,10.6,2.1,3.1,.661,0.0,0.1,.500,2.0,3.1,.664,.665,0.8,0.9,.857,0.6,2.2,2.9,0.5,0.3,0.3,0.7,1.3,4.9
125,Hamidou Diallo\diallha01,SF,21,OKC,35,3,18.6,2.6,5.9,.444,0.1,0.9,.161,2.5,5.0,.494,.457,0.7,1.1,.650,0.8,2.5,3.3,0.6,0.8,0.2,1.0,2.2,6.1
126,Gorgui Dieng\dienggo01,C,30,TOT,52,17,17.2,2.8,6.1,.457,1.0,2.6,.370,1.8,3.5,.522,.537,1.0,1.3,.779,1.5,4.1,5.6,1.2,0.9,0.9,0.9,2.0,7.5
126,Gorgui Dieng\dienggo01,C,30,MIN,46,17,16.9,2.7,6.0,.448,1.0,2.6,.383,1.7,3.4,.497,.531,1.0,1.3,.797,1.6,4.0,5.6,1.3,0.8,0.9,1.0,1.9,7.4
126,Gorgui Dieng\dienggo01,C,30,MEM,6,0,19.5,3.3,6.3,.526,0.7,2.5,.267,2.7,3.8,.696,.579,1.0,1.5,.667,1.0,4.7,5.7,0.7,1.3,1.2,0.7,2.3,8.3
127,Spencer Dinwiddie\dinwisp01,SG,26,BRK,58,43,31.3,6.8,16.3,.416,1.9,6.3,.310,4.8,10.1,.482,.475,5.3,6.8,.776,0.5,3.0,3.5,6.7,0.6,0.3,2.7,2.8,20.8
128,Donte DiVincenzo\divindo01,SG,23,MIL,54,21,22.8,3.4,7.5,.455,1.2,3.6,.340,2.2,3.9,.562,.537,1.0,1.2,.776,1.0,3.8,4.8,2.2,1.4,0.3,1.2,1.6,9.1
129,Luka Dončić\doncilu01,PG,20,DAL,48,48,32.9,9.4,20.4,.463,2.9,9.0,.319,6.6,11.4,.576,.533,6.9,9.0,.767,1.4,8.1,9.4,8.8,1.0,0.2,4.3,2.5,28.6
130,Luguentz Dort\dortlu01,SG,20,OKC,25,17,21.4,2.2,5.2,.427,0.8,2.6,.297,1.5,2.7,.552,.500,0.9,1.2,.759,0.5,1.0,1.5,0.7,0.9,0.0,0.5,2.6,6.1
131,Damyean Dotson\dotsoda01,SG,25,NYK,47,0,17.5,2.5,6.0,.418,1.3,3.4,.366,1.3,2.6,.488,.523,0.5,0.7,.688,0.2,1.7,1.9,1.2,0.5,0.1,0.4,0.9,6.7
132,Sekou Doumbouya\doumbse01,SF,19,DET,33,19,20.2,2.5,6.5,.390,0.8,2.8,.297,1.7,3.7,.459,.453,0.8,1.2,.675,0.5,2.7,3.3,0.5,0.6,0.2,1.0,2.1,6.7
133,PJ Dozier\doziepj01,PG,23,DEN,18,0,12.8,2.0,4.9,.404,0.4,1.5,.259,1.6,3.4,.468,.444,0.4,0.6,.636,0.3,1.4,1.7,1.6,0.4,0.3,0.6,1.5,4.8
134,Goran Dragić\dragigo01,PG,33,MIA,48,1,28.4,5.5,12.1,.449,2.2,5.8,.380,3.3,6.4,.511,.539,3.1,4.1,.759,0.5,2.6,3.1,5.0,0.6,0.2,2.5,1.9,16.3
135,Andre Drummond\drumman01,C,26,TOT,54,53,32.9,7.2,13.6,.528,0.1,0.6,.167,7.1,13.0,.543,.531,2.9,5.0,.572,4.5,10.8,15.3,2.7,1.9,1.6,3.6,3.5,17.3
135,Andre Drummond\drumman01,C,26,DET,49,48,33.8,7.3,13.9,.530,0.0,0.4,.048,7.3,13.4,.546,.531,3.0,5.2,.584,4.6,11.2,15.8,2.8,2.0,1.7,3.6,3.6,17.8
135,Andre Drummond\drumman01,C,26,CLE,5,5,24.2,5.4,10.8,.500,0.8,1.8,.444,4.6,9.0,.511,.537,1.2,3.2,.375,3.4,7.0,10.4,1.4,1.2,1.2,4.2,2.4,12.8
136,Jared Dudley\dudleja01,SF,34,LAL,38,1,8.1,0.5,1.3,.408,0.4,0.9,.485,0.1,0.4,.250,.571,0.1,0.1,1.000,0.1,1.0,1.1,0.5,0.3,0.1,0.2,0.9,1.5
137,Kris Dunn\dunnkr01,PG,25,CHI,51,32,24.9,3.0,6.7,.444,0.6,2.2,.259,2.4,4.5,.535,.487,0.8,1.1,.741,0.5,3.2,3.6,3.4,2.0,0.3,1.3,3.1,7.3
138,Carsen Edwards\edwarca01,SG,21,BOS,34,0,8.8,1.0,3.1,.324,0.6,1.9,.302,0.4,1.2,.357,.414,0.3,0.4,.846,0.1,1.1,1.2,0.6,0.3,0.1,0.4,0.9,2.9
139,Henry Ellenson\ellenhe01,PF,23,BRK,5,0,3.0,0.2,1.4,.143,0.0,0.8,.000,0.2,0.6,.333,.143,0.0,0.0,,0.4,0.8,1.2,0.2,0.0,0.0,0.0,0.2,0.4
140,Wayne Ellington\ellinwa01,SG,32,NYK,29,1,15.1,1.7,4.7,.353,1.3,3.8,.339,0.4,0.9,.407,.489,0.4,0.4,.846,0.1,1.4,1.6,1.0,0.4,0.1,0.5,1.0,5.0
141,Joel Embiid\embiijo01,C,25,PHI,43,43,30.3,7.5,15.9,.472,1.3,3.7,.342,6.3,12.2,.511,.512,7.0,8.6,.814,2.7,9.0,11.8,3.1,0.9,1.3,3.0,3.4,23.3
142,James Ennis\ennisja01,SF,29,TOT,55,4,16.4,2.1,4.8,.441,0.7,2.2,.333,1.4,2.6,.531,.517,1.1,1.3,.797,1.0,2.1,3.2,0.8,0.4,0.3,0.6,1.7,6.0
142,James Ennis\ennisja01,SF,29,PHI,49,0,15.8,2.0,4.6,.442,0.8,2.2,.349,1.3,2.4,.525,.524,1.0,1.2,.787,1.0,2.1,3.1,0.8,0.5,0.3,0.6,1.7,5.8
142,James Ennis\ennisja01,SF,29,ORL,6,4,21.3,2.7,6.2,.432,0.5,2.3,.214,2.2,3.8,.565,.473,1.8,2.2,.846,1.3,2.7,4.0,0.7,0.2,0.3,0.5,1.2,7.7
143,Drew Eubanks\eubandr01,PF,22,SAS,8,0,5.3,1.3,1.9,.667,0.0,0.0,,1.3,1.9,.667,.667,0.4,0.4,1.000,0.8,1.4,2.1,0.3,0.0,0.1,0.6,0.6,2.9
144,Jacob Evans\evansja02,SG,22,TOT,29,1,14.4,1.6,4.6,.336,0.4,1.3,.333,1.1,3.3,.337,.384,0.9,1.0,.862,0.3,1.1,1.4,1.1,0.4,0.4,0.9,1.4,4.4
144,Jacob Evans\evansja02,SG,22,GSW,27,1,15.3,1.7,4.9,.338,0.5,1.4,.342,1.2,3.5,.337,.387,0.9,1.1,.862,0.3,1.2,1.5,1.1,0.4,0.4,0.9,1.5,4.7
144,Jacob Evans\evansja02,SG,22,MIN,2,0,2.0,0.0,0.5,.000,0.0,0.5,.000,0.0,0.0,,.000,0.0,0.0,,0.0,0.0,0.0,0.0,0.0,0.0,0.0,0.0,0.0
145,Dante Exum\exumda01,SG,24,TOT,35,1,13.9,1.6,3.4,.471,0.4,1.2,.349,1.2,2.2,.539,.534,0.9,1.2,.744,0.3,1.6,1.9,1.1,0.4,0.2,0.9,1.1,4.5
145,Dante Exum\exumda01,SG,24,UTA,11,0,7.5,0.9,2.1,.435,0.2,0.5,.333,0.7,1.5,.471,.478,0.2,0.2,1.000,0.3,0.8,1.1,0.6,0.1,0.2,0.9,0.7,2.2
145,Dante Exum\exumda01,SG,24,CLE,24,1,16.8,1.9,4.0,.479,0.5,1.5,.351,1.4,2.5,.559,.547,1.3,1.7,.732,0.4,1.9,2.3,1.4,0.5,0.3,0.9,1.3,5.6
146,Tacko Fall\fallta01,C,24,BOS,6,0,4.0,1.5,2.0,.750,0.0,0.0,,1.5,2.0,.750,.750,0.2,0.5,.333,0.0,1.8,1.8,0.0,0.0,0.3,0.5,0.8,3.2
147,Derrick Favors\favorde01,C,28,NOP,40,38,23.9,4.2,6.7,.623,0.0,0.2,.167,4.2,6.6,.634,.625,0.8,1.4,.579,3.1,6.9,10.0,1.8,0.6,1.0,1.2,2.3,9.2
148,Cristiano Felício\feliccr01,PF,27,CHI,19,0,19.5,1.7,2.8,.623,0.0,0.1,.000,1.7,2.7,.647,.623,0.9,1.2,.783,2.7,2.4,5.1,0.7,0.5,0.1,0.9,1.7,4.4
149,Terrance Ferguson\fergute01,SF,21,OKC,46,36,24.0,1.5,4.1,.378,1.0,3.2,.311,0.5,0.9,.625,.500,0.3,0.4,.789,0.5,1.0,1.5,1.0,0.5,0.3,0.6,2.9,4.4
150,Bruno Fernando\fernabr01,C,21,ATL,50,12,12.6,1.9,3.6,.522,0.1,0.7,.143,1.8,2.9,.614,.536,0.6,0.9,.596,1.3,2.4,3.6,0.8,0.4,0.3,0.8,1.9,4.4
151,Yogi Ferrell\ferreyo01,PG,26,SAC,43,0,11.2,1.6,3.9,.399,0.4,1.6,.279,1.1,2.3,.480,.455,0.7,0.8,.857,0.1,1.0,1.1,1.4,0.3,0.1,0.6,0.7,4.3
152,Dorian Finney-Smith\finnedo01,PF,26,DAL,60,57,29.8,3.3,7.1,.458,1.6,4.2,.371,1.7,3.0,.582,.567,1.1,1.6,.731,2.0,3.5,5.5,1.5,0.7,0.6,1.0,2.4,9.2
153,Bryn Forbes\forbebr01,SG,26,SAS,57,56,25.2,3.8,9.3,.411,2.3,6.1,.382,1.5,3.2,.467,.536,1.1,1.3,.827,0.2,1.9,2.1,1.8,0.6,0.0,0.9,1.9,11.1
154,Evan Fournier\fournev01,SG,27,ORL,58,58,31.7,6.7,14.3,.469,2.7,6.6,.404,4.0,7.7,.525,.562,2.8,3.4,.815,0.2,2.4,2.6,3.2,1.1,0.2,2.0,2.4,18.9
155,De'Aaron Fox\foxde01,PG,22,SAC,40,38,31.7,7.3,15.3,.473,1.1,3.3,.323,6.2,12.0,.515,.508,4.5,6.7,.669,0.7,3.4,4.1,6.9,1.5,0.5,3.2,2.9,20.0
156,Melvin Frazier\frazime01,SG,23,ORL,14,0,3.4,0.4,1.2,.353,0.3,0.5,.571,0.1,0.7,.200,.471,0.1,0.3,.500,0.1,0.2,0.3,0.1,0.3,0.1,0.1,0.6,1.3
157,Michael Frazier\frazimi01,SG,25,HOU,8,0,8.3,0.5,1.4,.364,0.3,1.0,.250,0.3,0.4,.667,.455,0.5,0.8,.667,0.1,0.3,0.4,0.1,0.3,0.0,0.3,1.6,1.8
158,Tim Frazier\fraziti01,PG,29,DET,27,11,13.1,1.3,3.5,.362,0.4,1.1,.333,0.9,2.4,.375,.415,0.7,0.9,.792,0.3,0.9,1.2,3.4,0.5,0.1,1.3,1.6,3.6
159,Markelle Fultz\fultzma01,PG,21,ORL,58,53,28.3,4.8,10.4,.464,0.5,1.9,.248,4.4,8.6,.512,.487,1.6,2.2,.742,0.5,2.9,3.4,5.2,1.3,0.2,2.1,1.9,11.8
160,Wenyen Gabriel\gabriwe01,PF,22,TOT,22,1,7.2,0.6,1.6,.400,0.1,0.6,.214,0.5,1.0,.524,.443,0.5,0.7,.688,0.5,0.8,1.4,0.3,0.2,0.2,0.6,1.3,1.9
160,Wenyen Gabriel\gabriwe01,PF,22,SAC,11,0,5.5,0.5,1.5,.353,0.1,0.7,.125,0.5,0.8,.556,.382,0.5,0.9,.600,0.4,0.5,0.9,0.3,0.3,0.2,0.5,0.6,1.7
160,Wenyen Gabriel\gabriwe01,PF,22,POR,11,1,8.9,0.7,1.6,.444,0.2,0.5,.333,0.5,1.1,.500,.500,0.5,0.5,.833,0.7,1.1,1.8,0.3,0.2,0.3,0.7,1.9,2.1
161,Daniel Gafford\gaffoda01,C,21,CHI,37,7,13.5,2.1,3.1,.687,0.0,0.0,,2.1,3.1,.687,.687,0.6,1.3,.500,1.2,1.3,2.5,0.4,0.3,1.3,0.6,2.1,4.9
162,Danilo Gallinari\gallida01,PF,31,OKC,51,51,30.7,6.0,13.5,.441,3.0,7.3,.410,3.0,6.2,.478,.552,4.3,4.8,.898,0.6,5.0,5.6,2.2,0.7,0.1,1.3,1.3,19.3
163,Langston Galloway\gallola01,SG,28,DET,61,6,25.8,3.5,8.1,.434,2.0,5.0,.399,1.5,3.1,.492,.558,1.2,1.3,.866,0.5,1.7,2.2,1.6,0.7,0.2,0.6,1.4,10.2
164,Darius Garland\garlada01,PG,20,CLE,58,58,30.9,4.7,11.8,.401,1.8,5.1,.357,2.9,6.8,.434,.477,1.1,1.2,.875,0.4,1.4,1.9,3.9,0.7,0.1,2.6,1.6,12.4
165,Marc Gasol\gasolma01,C,35,TOR,35,35,27.8,2.8,6.6,.424,1.4,3.5,.403,1.4,3.1,.449,.532,0.7,1.0,.722,0.8,5.6,6.5,3.5,0.8,0.9,1.2,2.9,7.8
166,Rudy Gay\gayru01,PF,33,SAS,54,5,20.9,3.4,7.9,.431,0.9,2.9,.308,2.5,5.0,.504,.488,1.6,1.9,.873,0.9,4.4,5.3,1.7,0.4,0.4,1.3,1.4,9.4
167,Paul George\georgpa01,SF,29,LAC,37,37,29.1,7.0,16.5,.425,3.2,8.1,.399,3.8,8.3,.451,.524,3.9,4.3,.894,0.4,5.4,5.8,3.9,1.3,0.5,2.9,2.4,21.1
168,Taj Gibson\gibsota01,C,34,NYK,55,49,16.4,2.7,4.6,.579,0.1,0.2,.273,2.6,4.4,.593,.585,0.5,0.8,.682,1.8,2.5,4.3,0.9,0.4,0.4,0.7,2.0,5.9
169,Harry Giles\gilesha01,PF,21,SAC,33,12,14.7,2.9,5.3,.554,0.0,0.0,,2.9,5.3,.554,.554,0.8,1.2,.737,0.9,3.2,4.1,1.4,0.5,0.4,0.9,2.6,6.7
170,Shai Gilgeous-Alexander\gilgesh01,SG,21,OKC,60,60,35.4,7.0,15.0,.464,1.2,3.6,.347,5.7,11.4,.501,.506,4.1,5.2,.800,0.8,5.5,6.2,3.3,1.1,0.7,1.9,1.7,19.3
171,Rudy Gobert\goberru01,C,27,UTA,57,57,34.6,5.8,8.4,.692,0.0,0.0,,5.8,8.4,.692,.692,3.7,6.0,.615,3.5,10.6,14.1,1.5,0.7,1.9,2.0,3.1,15.3
172,Brandon Goodwin\goodwbr01,PG,24,ATL,30,1,12.9,2.3,5.9,.398,0.8,2.7,.309,1.5,3.2,.474,.469,0.8,0.9,.962,0.4,1.9,2.2,1.6,0.4,0.1,0.9,1.3,6.3
173,Aaron Gordon\gordoaa01,PF,24,ORL,53,53,32.8,5.5,12.7,.434,1.3,4.0,.316,4.2,8.7,.488,.484,2.3,3.4,.685,1.8,5.8,7.6,3.5,0.8,0.6,1.6,2.0,14.6
174,Eric Gordon\gordoer01,SG,31,HOU,30,13,29.2,5.0,13.3,.374,2.8,8.7,.327,2.1,4.6,.464,.481,2.4,3.2,.742,0.2,1.7,2.0,1.5,0.7,0.4,1.1,2.1,15.2
175,Devonte' Graham\grahade01,PG,24,CHO,58,48,35.0,5.6,15.1,.373,3.4,9.2,.366,2.2,5.8,.385,.486,3.0,3.7,.811,0.7,2.8,3.5,7.6,0.9,0.3,2.9,1.9,17.7
176,Treveon Graham\grahatr01,SG,26,TOT,49,20,17.0,1.5,4.4,.340,0.5,2.2,.245,1.0,2.2,.431,.400,0.7,1.0,.680,0.9,1.8,2.7,0.7,0.4,0.1,0.5,1.8,4.2
176,Treveon Graham\grahatr01,SG,26,MIN,33,20,20.1,1.9,5.3,.354,0.6,2.5,.241,1.3,2.8,.457,.411,0.8,1.1,.730,0.9,2.2,3.0,0.9,0.5,0.1,0.6,2.0,5.2
176,Treveon Graham\grahatr01,SG,26,ATL,16,0,10.6,0.7,2.5,.275,0.4,1.4,.261,0.3,1.1,.294,.350,0.4,0.8,.538,0.8,1.2,2.0,0.4,0.3,0.3,0.3,1.4,2.2
177,Jerami Grant\grantje01,PF,25,DEN,58,21,26.3,4.1,8.8,.471,1.4,3.5,.393,2.8,5.3,.521,.548,2.0,2.7,.742,0.8,2.7,3.6,1.1,0.7,0.8,0.8,2.1,11.7
178,Josh Gray\grayjo01,PG,26,NOP,2,0,11.5,0.5,1.0,.500,0.0,0.0,,0.5,1.0,.500,.500,0.0,0.0,,0.5,0.5,1.0,1.0,0.0,0.0,2.5,0.5,1.0
179,Danny Green\greenda02,SG,32,LAL,56,56,24.9,3.0,7.1,.423,1.9,5.0,.381,1.1,2.1,.521,.557,0.6,0.8,.727,0.7,2.7,3.4,1.4,1.2,0.5,0.9,2.1,8.4
180,Draymond Green\greendr01,PF,29,GSW,43,43,28.4,2.9,7.3,.389,0.8,3.0,.279,2.0,4.3,.465,.446,1.5,1.9,.759,0.5,5.7,6.2,6.2,1.4,0.8,2.3,2.6,8.0
181,JaMychal Green\greenja01,PF,29,LAC,50,0,20.7,2.2,5.5,.402,1.3,3.7,.355,0.9,1.8,.500,.522,0.6,0.8,.738,1.4,5.0,6.3,0.7,0.5,0.4,0.8,2.7,6.4
182,Javonte Green\greenja02,SF,26,BOS,41,1,9.1,1.2,2.3,.511,0.1,0.6,.261,1.0,1.7,.592,.543,0.6,0.9,.639,0.4,1.3,1.7,0.5,0.5,0.1,0.4,0.9,3.0
183,Jeff Green\greenje02,PF,33,TOT,34,2,18.5,2.6,6.3,.414,1.2,3.4,.359,1.4,2.9,.480,.512,1.5,2.0,.776,0.4,2.4,2.8,0.8,0.4,0.3,0.9,1.6,8.0
183,Jeff Green\greenje02,PF,33,UTA,30,2,18.4,2.5,6.5,.385,1.1,3.5,.327,1.4,3.0,.451,.472,1.6,2.1,.778,0.5,2.2,2.7,0.7,0.4,0.3,0.9,1.5,7.8
183,Jeff Green\greenje02,PF,33,HOU,4,0,19.3,3.5,5.0,.700,2.0,3.3,.615,1.5,1.8,.857,.900,0.8,1.0,.750,0.3,3.3,3.5,1.8,0.8,0.3,1.3,1.8,9.8
184,Blake Griffin\griffbl01,PF,30,DET,18,18,28.4,4.9,13.9,.352,1.5,6.2,.243,3.4,7.7,.439,.406,4.2,5.4,.776,0.9,3.7,4.7,3.3,0.4,0.4,2.2,1.5,15.5
185,Marko Guduric\gudurma01,SG,24,MEM,37,0,12.4,1.6,4.0,.389,0.6,2.1,.299,0.9,1.9,.486,.466,0.6,0.7,.920,0.4,1.5,1.8,1.2,0.3,0.2,0.9,0.9,4.4
186,Kyle Guy\guyky01,SG,22,SAC,2,0,2.0,0.5,1.0,.500,0.0,0.5,.000,0.5,0.5,1.000,.500,0.0,0.0,,0.0,0.0,0.0,0.0,0.0,0.0,0.0,0.0,1.0
187,Rui Hachimura\hachiru01,PF,21,WAS,35,35,29.4,5.7,11.7,.490,0.5,1.9,.277,5.2,9.8,.531,.512,2.0,2.4,.821,1.6,4.4,6.0,1.6,0.8,0.1,1.0,2.2,13.9
188,Devon Hall\hallde01,SG,24,OKC,5,0,4.0,0.2,1.0,.200,0.0,0.4,.000,0.2,0.6,.333,.200,0.6,0.8,.750,0.0,0.2,0.2,0.6,0.0,0.0,0.2,0.2,1.0
189,Donta Hall\halldo01,PF,22,DET,2,0,14.0,0.5,1.0,.500,0.0,0.0,,0.5,1.0,.500,.500,1.5,2.0,.750,2.0,1.5,3.5,1.0,0.5,0.0,1.0,2.0,2.5
190,Dusty Hannahs\hannadu01,SG,26,MEM,2,0,6.5,2.0,4.5,.444,1.0,1.5,.667,1.0,3.0,.333,.556,1.0,1.0,1.000,0.0,0.5,0.5,0.0,0.0,0.0,0.0,0.5,6.0
191,Tim Hardaway\hardati02,SG,27,DAL,57,44,27.9,5.3,12.1,.438,2.8,6.9,.408,2.5,5.1,.479,.555,1.9,2.4,.794,0.4,2.7,3.1,2.0,0.6,0.1,0.9,1.7,15.3
192,James Harden\hardeja01,SG,30,HOU,55,55,36.7,10.2,23.0,.443,4.6,12.7,.363,5.5,10.2,.542,.543,10.2,11.8,.863,1.1,5.3,6.4,7.3,1.7,0.9,4.4,3.4,35.2
193,Maurice Harkless\harklma01,SF,26,TOT,55,41,22.9,2.3,4.4,.519,0.6,1.6,.391,1.7,2.8,.591,.589,0.5,0.9,.563,0.9,3.1,3.9,1.0,0.9,0.6,0.9,2.4,5.7
193,Maurice Harkless\harklma01,SF,26,LAC,50,38,22.8,2.2,4.3,.516,0.5,1.5,.370,1.7,2.9,.590,.578,0.5,0.8,.571,0.9,3.1,4.0,1.0,1.0,0.6,0.9,2.4,5.5
193,Maurice Harkless\harklma01,SF,26,NYK,5,3,24.2,2.6,4.8,.542,1.4,2.8,.500,1.2,2.0,.600,.688,0.6,1.2,.500,0.2,3.2,3.4,1.4,0.6,0.4,0.8,2.2,7.2
194,Jared Harper\harpeja01,PG,22,PHO,3,0,2.7,0.3,1.3,.250,0.0,0.7,.000,0.3,0.7,.500,.250,0.0,0.0,,0.0,0.0,0.0,0.0,0.0,0.0,0.0,0.0,0.7
195,Montrezl Harrell\harremo01,C,26,LAC,58,2,28.1,7.6,13.1,.580,0.0,0.3,.000,7.6,12.8,.592,.580,3.4,5.3,.645,2.7,4.4,7.1,1.8,0.7,1.2,1.8,2.3,18.6
196,Gary Harris\harriga01,SG,25,DEN,50,49,31.9,3.8,9.4,.398,1.2,3.9,.306,2.6,5.6,.462,.461,1.4,1.6,.829,0.5,2.4,2.9,2.1,1.3,0.2,1.0,2.1,10.1
197,Joe Harris\harrijo01,SF,28,BRK,57,57,31.2,5.2,11.1,.465,2.4,5.8,.405,2.8,5.2,.532,.572,1.0,1.4,.740,0.9,3.4,4.3,2.1,0.6,0.3,1.4,2.2,13.7
198,Tobias Harris\harrito02,PF,27,PHI,60,60,34.5,7.5,15.8,.474,1.8,4.9,.363,5.7,10.9,.523,.530,2.4,3.0,.810,0.7,6.0,6.7,3.1,0.8,0.6,1.5,2.3,19.2
199,Shaquille Harrison\harrish01,SF,26,CHI,37,4,8.8,1.5,3.3,.455,0.2,0.8,.250,1.3,2.5,.516,.483,0.8,1.0,.763,0.4,1.2,1.6,0.9,0.6,0.3,0.4,1.0,3.9
200,Josh Hart\hartjo01,SF,24,NOP,52,14,27.8,3.6,8.4,.423,2.0,5.7,.357,1.5,2.7,.564,.545,1.2,1.6,.741,0.9,5.5,6.5,1.6,1.1,0.4,1.1,2.6,10.4
201,Isaiah Hartenstein\harteis01,C,21,HOU,23,2,11.6,1.9,2.9,.657,0.0,0.2,.000,1.9,2.7,.710,.657,0.8,1.2,.679,1.3,2.7,3.9,0.8,0.4,0.5,0.7,1.8,4.7
202,Udonis Haslem\hasleud01,PF,39,MIA,3,0,7.0,0.3,2.0,.167,0.0,0.7,.000,0.3,1.3,.250,.167,1.0,1.3,.750,0.0,2.7,2.7,0.3,0.0,0.0,0.0,1.0,1.7
203,Jaxson Hayes\hayesja02,C,19,NOP,55,12,17.2,2.8,4.3,.662,0.0,0.1,.250,2.8,4.2,.670,.665,2.0,3.1,.630,1.5,2.6,4.1,0.9,0.4,1.0,0.7,2.6,7.6
204,Gordon Hayward\haywago01,SF,29,BOS,41,41,33.4,6.7,13.3,.505,1.6,4.1,.383,5.1,9.2,.558,.563,2.1,2.5,.854,1.0,5.6,6.6,4.1,0.7,0.4,1.9,1.7,17.1
205,John Henson\hensojo01,PF,29,TOT,36,4,14.7,2.2,4.1,.541,0.2,0.9,.212,2.0,3.2,.635,.564,0.6,1.1,.550,1.2,2.9,4.1,1.3,0.6,1.1,0.8,1.9,5.3
205,John Henson\hensojo01,PF,29,CLE,29,2,14.2,2.1,4.1,.508,0.2,1.1,.194,1.9,3.1,.618,.533,0.6,1.1,.515,1.1,2.8,3.9,1.5,0.6,1.1,0.7,1.9,5.0
205,John Henson\hensojo01,PF,29,DET,7,2,16.9,2.7,4.0,.679,0.1,0.3,.500,2.6,3.7,.692,.696,0.7,1.0,.714,1.6,3.3,4.9,0.7,0.7,1.3,1.1,2.1,6.3
206,Dewan Hernandez\hernade01,C,23,TOR,4,0,2.8,0.3,1.3,.200,0.0,0.3,.000,0.3,1.0,.250,.200,0.5,0.5,1.000,0.5,1.3,1.8,0.0,0.3,0.0,0.3,1.5,1.0
207,Juan Hernangómez\hernaju01,PF,24,TOT,42,8,15.5,1.8,4.5,.393,0.8,2.3,.340,1.0,2.2,.447,.479,0.9,1.3,.655,0.9,2.5,3.4,0.8,0.3,0.2,0.6,1.1,5.2
207,Juan Hernangómez\hernaju01,PF,24,DEN,34,0,12.4,1.1,3.2,.345,0.4,1.8,.250,0.7,1.5,.460,.414,0.5,0.7,.640,0.7,2.1,2.8,0.6,0.1,0.1,0.5,0.9,3.1
207,Juan Hernangómez\hernaju01,PF,24,MIN,8,8,28.9,4.6,10.1,.457,2.3,4.6,.486,2.4,5.5,.432,.568,2.5,3.8,.667,1.6,4.5,6.1,1.4,0.9,0.4,1.0,2.0,14.0
208,Willy Hernangómez\hernawi01,C,25,CHO,27,0,11.0,2.2,4.2,.531,0.2,0.7,.250,2.0,3.4,.591,.553,1.1,1.9,.588,1.3,2.4,3.7,0.8,0.3,0.2,0.9,1.1,5.7
209,Tyler Herro\herroty01,SG,20,MIA,46,6,27.7,4.8,11.5,.414,2.2,5.5,.393,2.6,6.0,.433,.508,1.4,1.7,.835,0.3,3.7,4.0,2.0,0.6,0.2,1.6,1.3,13.1
210,Kevin Hervey\herveke01,PF,23,OKC,7,0,2.7,0.1,1.6,.091,0.0,1.1,.000,0.1,0.4,.333,.091,0.0,0.0,,0.0,0.3,0.3,0.1,0.0,0.0,0.0,0.1,0.3
211,Mario Hezonja\hezonma01,PF,24,POR,41,4,16.1,1.5,3.9,.384,0.4,1.3,.278,1.1,2.6,.438,.431,1.0,1.2,.816,0.6,2.9,3.4,0.8,0.6,0.1,0.7,2.1,4.3
212,Buddy Hield\hieldbu01,SG,27,SAC,59,44,32.6,7.2,16.7,.429,3.8,9.7,.388,3.4,7.0,.484,.541,1.8,2.2,.852,0.9,3.9,4.8,3.2,0.9,0.3,2.4,2.4,19.9
213,George Hill\hillge01,PG,33,MIL,49,0,21.2,3.4,6.3,.540,1.5,2.9,.500,2.0,3.4,.575,.656,1.3,1.6,.844,0.8,2.1,3.0,3.0,0.8,0.1,0.9,1.5,9.7
214,Solomon Hill\hillso01,SF,28,TOT,50,3,18.5,2.0,4.8,.408,1.1,3.0,.377,0.8,1.8,.461,.527,0.5,0.8,.684,0.5,2.4,2.9,1.9,0.7,0.1,0.8,1.5,5.6
214,Solomon Hill\hillso01,SF,28,MEM,48,3,18.8,2.0,4.9,.412,1.2,3.1,.381,0.8,1.8,.465,.532,0.5,0.8,.684,0.5,2.5,3.0,2.0,0.6,0.1,0.8,1.5,5.7
214,Solomon Hill\hillso01,SF,28,MIA,2,0,11.0,1.0,3.5,.286,0.5,2.0,.250,0.5,1.5,.333,.357,0.0,0.0,,1.0,0.5,1.5,0.0,1.0,0.0,0.5,1.0,2.5
215,Jaylen Hoard\hoardja01,SF,20,POR,13,0,7.9,1.2,2.5,.469,0.0,0.2,.000,1.2,2.2,.517,.469,0.6,1.0,.615,1.1,1.4,2.5,0.3,0.4,0.0,0.3,0.9,2.9
216,Aaron Holiday\holidaa01,PG,23,IND,52,21,22.9,3.7,8.8,.415,1.5,3.6,.406,2.2,5.2,.421,.498,1.1,1.2,.875,0.4,1.9,2.3,3.4,0.7,0.2,1.3,1.8,9.8
217,Jrue Holiday\holidjr01,SG,29,NOP,50,50,34.7,7.6,17.1,.444,2.0,5.8,.353,5.5,11.3,.491,.504,2.0,2.9,.708,1.2,3.4,4.6,6.8,1.7,0.8,3.0,2.1,19.2
218,Justin Holiday\holidju01,SG,30,IND,59,2,25.3,2.9,6.7,.438,1.9,4.4,.424,1.0,2.2,.466,.579,0.8,1.0,.776,0.5,2.8,3.3,1.5,1.1,0.6,0.6,1.8,8.5
219,Rondae Hollis-Jefferson\holliro01,SF,25,TOR,47,4,19.8,2.8,6.0,.475,0.0,0.4,.118,2.8,5.6,.498,.479,1.9,2.6,.726,2.0,3.1,5.0,1.8,0.9,0.4,1.0,2.2,7.6
220,Richaun Holmes\holmeri01,C,26,SAC,37,33,29.4,5.5,8.4,.660,0.0,0.0,,5.5,8.4,.660,.660,2.1,2.5,.817,3.1,5.4,8.5,1.0,1.1,1.4,1.2,3.9,13.1
221,Rodney Hood\hoodro01,SF,27,POR,21,21,29.5,4.1,8.2,.506,1.7,3.4,.493,2.5,4.8,.515,.608,1.0,1.3,.778,0.5,3.0,3.4,1.5,0.8,0.2,0.9,2.2,11.0
222,Al Horford\horfoal01,C,33,PHI,55,52,30.6,4.7,10.8,.436,1.5,4.4,.332,3.3,6.4,.507,.503,0.8,1.1,.721,1.5,5.2,6.6,3.9,0.9,0.9,1.0,2.1,11.7
223,Talen Horton-Tucker\hortota01,SG,19,LAL,2,0,2.5,0.0,0.5,.000,0.0,0.5,.000,0.0,0.0,,.000,0.0,0.0,,0.0,0.0,0.0,1.0,0.5,0.0,0.0,0.0,0.0
224,Danuel House\houseda01,SF,26,HOU,52,41,30.4,3.5,8.3,.426,2.0,5.4,.376,1.5,2.9,.516,.547,1.2,1.6,.790,1.0,3.4,4.4,1.3,1.1,0.5,0.9,2.0,10.3
225,Dwight Howard\howardw01,C,34,LAL,57,2,19.7,3.1,4.2,.740,0.1,0.1,.600,3.1,4.2,.743,.746,1.4,3.0,.480,2.6,5.1,7.7,0.7,0.4,1.3,1.2,3.2,7.8
226,William Howard\howarwi01,SG,26,HOU,2,0,6.5,0.0,2.0,.000,0.0,2.0,.000,0.0,0.0,,.000,0.0,0.0,,0.0,1.0,1.0,0.5,0.0,0.0,0.5,0.5,0.0
227,Kevin Huerter\huertke01,SG,21,ATL,50,42,30.8,4.5,10.8,.413,2.3,5.9,.388,2.2,4.9,.443,.519,1.0,1.2,.817,0.6,3.5,4.1,3.4,0.8,0.5,1.6,2.4,12.2
228,De'Andre Hunter\huntede01,SF,22,ATL,57,56,31.8,4.5,10.9,.411,1.7,4.8,.348,2.8,6.1,.460,.487,1.8,2.3,.777,0.6,3.6,4.3,1.8,0.7,0.3,1.6,2.8,12.4
229,Chandler Hutchison\hutchch01,SF,23,CHI,28,10,18.8,2.9,6.3,.457,0.4,1.4,.316,2.4,4.9,.496,.491,1.6,2.8,.590,0.6,3.2,3.9,0.9,1.0,0.3,1.0,1.7,7.8
230,Serge Ibaka\ibakase01,C,30,TOR,47,24,27.1,6.4,12.4,.518,1.3,3.2,.388,5.2,9.2,.564,.568,1.7,2.4,.730,2.1,6.0,8.0,1.3,0.5,0.8,2.0,2.8,15.9
231,Andre Iguodala\iguodan01,SG,36,MIA,8,0,19.8,1.9,3.9,.484,0.8,2.0,.375,1.1,1.9,.600,.581,0.1,0.5,.250,1.1,2.8,3.9,1.8,0.4,0.9,1.3,2.4,4.6
232,Ersan İlyasova\ilyaser01,PF,32,MIL,53,7,16.0,2.6,5.4,.476,0.9,2.3,.380,1.7,3.1,.545,.556,1.2,1.4,.836,1.1,3.8,4.9,0.8,0.4,0.3,0.6,1.6,7.2
233,Joe Ingles\inglejo01,SF,32,UTA,59,37,30.0,3.4,7.9,.431,1.9,4.9,.392,1.5,3.0,.497,.554,1.1,1.3,.785,0.4,3.6,4.0,5.1,0.8,0.1,1.9,2.2,9.8
234,Brandon Ingram\ingrabr01,PF,22,NOP,51,51,34.0,8.5,17.9,.476,2.5,6.3,.400,6.0,11.6,.517,.546,5.3,6.1,.859,0.9,5.4,6.3,4.3,1.0,0.7,3.1,2.8,24.8
235,Kyrie Irving\irvinky01,PG,27,BRK,20,20,32.9,10.0,20.8,.478,2.8,7.1,.394,7.2,13.7,.522,.546,4.7,5.1,.922,1.1,4.1,5.2,6.4,1.4,0.5,2.6,2.7,27.4
236,Jonathan Isaac\isaacjo01,SF,22,ORL,32,32,29.7,4.7,10.1,.463,0.9,2.8,.330,3.7,7.2,.515,.509,1.8,2.3,.767,1.8,5.2,6.9,1.4,1.6,2.4,1.5,2.5,12.0
237,Wesley Iwundu\iwundwe01,SF,25,ORL,41,15,18.3,1.7,4.3,.382,0.5,1.5,.323,1.2,2.8,.414,.438,1.3,1.6,.818,0.5,2.0,2.6,1.1,0.6,0.2,0.4,1.5,5.1
238,Frank Jackson\jacksfr01,PG,21,NOP,46,1,12.8,2.0,5.0,.398,0.7,2.3,.311,1.3,2.7,.472,.470,1.0,1.2,.772,0.4,0.9,1.3,0.8,0.3,0.1,0.8,1.3,5.7
239,Jaren Jackson\jacksja02,C,20,MEM,54,54,28.0,6.1,13.0,.468,2.5,6.3,.397,3.6,6.7,.535,.564,2.3,3.1,.741,1.0,3.7,4.7,1.4,0.7,1.6,1.7,4.1,16.9
240,Josh Jackson\jacksjo02,SG,22,MEM,12,0,19.8,3.1,7.3,.425,0.8,3.1,.270,2.3,4.2,.540,.483,1.4,2.0,.708,0.8,3.2,4.0,1.3,0.9,0.3,1.5,1.8,8.4
241,Justin Jackson\jacksju01,PF,24,DAL,52,2,15.9,2.2,5.5,.400,0.8,2.6,.301,1.4,2.9,.490,.472,0.6,0.8,.825,0.4,2.0,2.5,0.7,0.2,0.1,0.2,1.1,5.8
242,Reggie Jackson\jacksre01,PG,29,TOT,18,11,25.6,4.9,12.5,.396,2.1,5.5,.384,2.8,7.0,.405,.480,1.6,1.9,.800,0.8,2.3,3.1,5.0,0.6,0.1,1.6,1.7,13.6
242,Reggie Jackson\jacksre01,PG,29,DET,14,10,27.2,5.4,14.1,.384,2.2,5.9,.378,3.2,8.3,.388,.462,1.9,2.4,.788,0.8,2.1,2.9,5.1,0.6,0.1,1.6,1.5,14.9
242,Reggie Jackson\jacksre01,PG,29,LAC,4,1,19.8,3.3,6.8,.481,1.8,4.3,.412,1.5,2.5,.600,.611,0.5,0.5,1.000,1.0,2.8,3.8,4.5,0.5,0.3,1.5,2.3,8.8
243,Justin James\jamesju01,SG,23,SAC,33,0,6.6,1.0,2.4,.423,0.3,0.8,.346,0.7,1.6,.462,.481,0.3,0.6,.476,0.2,0.7,0.9,0.5,0.2,0.3,0.2,0.5,2.6
244,LeBron James\jamesle01,PG,35,LAL,54,54,34.9,9.7,19.6,.494,2.2,6.3,.349,7.5,13.3,.563,.550,3.9,5.6,.691,1.0,6.8,7.7,10.6,1.2,0.5,4.0,1.7,25.5
245,Amile Jefferson\jeffeam01,PF,26,ORL,18,0,4.1,0.3,0.8,.357,0.0,0.0,,0.3,0.8,.357,.357,0.3,0.8,.357,0.6,0.7,1.3,0.2,0.1,0.2,0.2,0.4,0.8
246,DaQuan Jeffries\jeffrda01,SG,22,SAC,6,0,3.2,0.5,1.2,.429,0.2,0.7,.250,0.3,0.5,.667,.500,0.0,0.0,,0.2,0.0,0.2,0.2,0.2,0.0,0.0,0.5,1.2
247,Ty Jerome\jeromty01,PG,22,PHO,24,0,11.3,1.4,3.9,.362,0.5,1.7,.275,1.0,2.3,.426,.420,0.5,0.6,.786,0.3,1.3,1.6,1.6,0.6,0.1,0.8,1.0,3.8
248,Alize Johnson\johnsal02,SF,23,IND,12,0,4.2,0.6,1.3,.467,0.0,0.0,,0.6,1.3,.467,.467,0.3,0.5,.667,0.6,0.8,1.4,0.2,0.0,0.0,0.2,0.5,1.5
249,B.J. Johnson\johnsbj01,SF,24,ORL,8,0,5.8,0.6,2.3,.278,0.1,0.8,.167,0.5,1.5,.333,.306,0.3,0.3,1.000,0.1,0.6,0.8,0.3,0.3,0.0,0.4,0.0,1.6
250,Cameron Johnson\johnsca02,PF,23,PHO,47,1,19.9,2.7,6.4,.422,1.8,4.5,.405,0.9,1.9,.462,.563,0.7,0.9,.762,0.8,2.0,2.8,1.0,0.6,0.3,0.6,1.4,7.9
251,James Johnson\johnsja01,PF,32,TOT,26,1,18.6,2.9,6.1,.472,0.9,2.7,.338,2.0,3.4,.580,.547,1.0,1.5,.658,0.6,2.9,3.5,1.8,0.7,1.0,1.4,2.5,7.7
251,James Johnson\johnsja01,PF,32,MIA,18,0,15.6,2.2,4.8,.448,0.9,2.5,.356,1.3,2.3,.548,.540,0.4,0.8,.571,0.4,2.4,2.9,1.2,0.3,0.7,0.8,1.9,5.7
251,James Johnson\johnsja01,PF,32,MIN,8,1,25.3,4.5,9.0,.500,1.0,3.3,.308,3.5,5.8,.609,.556,2.1,3.0,.708,1.0,3.9,4.9,3.4,1.5,1.8,2.8,3.9,12.1
252,Keldon Johnson\johnske04,SF,20,SAS,5,0,5.0,1.2,3.0,.400,0.0,0.2,.000,1.2,2.8,.429,.400,0.2,0.4,.500,0.4,0.8,1.2,0.6,0.0,0.0,0.2,0.4,2.6
253,Stanley Johnson\johnsst04,PF,23,TOR,19,0,5.0,0.4,1.6,.267,0.1,0.7,.154,0.3,0.9,.353,.300,0.3,0.3,.833,0.2,1.0,1.2,0.4,0.2,0.1,0.4,0.5,1.2
254,Tyler Johnson\johnsty01,SG,27,PHO,31,3,16.6,2.1,5.5,.380,0.8,2.7,.289,1.3,2.8,.466,.450,0.8,1.0,.750,0.3,1.4,1.7,1.6,0.4,0.3,0.8,1.4,5.7
255,Nikola Jokić\jokicni01,C,24,DEN,59,59,32.3,8.1,15.2,.531,1.2,3.6,.329,6.9,11.6,.593,.570,3.5,4.2,.816,2.4,7.6,10.0,6.7,1.2,0.7,3.0,3.1,20.8
256,Damian Jones\jonesda03,C,24,ATL,52,27,16.5,2.3,3.3,.682,0.0,0.2,.250,2.2,3.2,.703,.688,1.2,1.6,.738,1.4,2.4,3.8,0.6,0.5,0.7,0.5,2.8,5.8
257,Derrick Jones\jonesde02,SF,22,MIA,45,9,24.6,3.2,6.2,.509,0.6,2.3,.276,2.5,3.9,.649,.561,1.8,2.3,.796,1.1,3.0,4.1,1.0,1.1,0.7,0.6,2.2,8.8
258,Tyus Jones\jonesty01,PG,23,MEM,59,6,18.8,2.9,6.3,.468,0.6,1.7,.376,2.3,4.6,.502,.519,0.6,0.8,.723,0.1,1.4,1.5,4.4,0.8,0.1,0.9,0.6,7.1
259,DeAndre Jordan\jordade01,C,31,BRK,50,4,21.7,3.5,5.2,.668,0.0,0.0,,3.5,5.2,.668,.668,1.5,2.2,.694,2.5,7.4,9.9,1.9,0.4,0.9,1.4,2.0,8.4
260,Cory Joseph\josepco01,PG,28,SAC,59,22,24.4,2.5,5.9,.415,0.7,2.1,.349,1.7,3.8,.453,.479,0.7,0.9,.815,0.6,2.0,2.6,3.5,0.7,0.3,1.0,1.9,6.4
261,Mfiondu Kabengele\kabenmf01,C,22,LAC,12,0,5.3,1.2,2.7,.438,0.8,1.7,.450,0.4,1.0,.417,.578,0.4,0.4,1.000,0.1,0.8,0.9,0.2,0.2,0.2,0.2,0.8,3.5
262,Frank Kaminsky\kaminfr01,C,26,PHO,32,13,22.4,4.0,8.7,.455,1.2,3.5,.348,2.8,5.2,.527,.525,1.8,2.8,.670,0.9,4.0,4.9,2.2,0.4,0.3,1.0,2.2,11.0
263,Enes Kanter\kanteen01,C,27,BOS,46,6,18.2,3.7,6.3,.581,0.0,0.2,.143,3.7,6.2,.592,.582,1.3,1.8,.707,2.8,5.2,8.0,1.0,0.4,0.8,1.1,1.8,8.6
264,Luke Kennard\kennalu01,SG,23,DET,28,25,32.9,5.4,12.2,.442,2.6,6.5,.399,2.8,5.7,.491,.548,2.4,2.7,.893,0.3,3.2,3.5,4.1,0.4,0.2,1.5,2.3,15.8
265,Stanton Kidd\kiddst01,SF,27,UTA,4,0,3.8,0.0,0.8,.000,0.0,0.3,.000,0.0,0.5,.000,.000,0.0,0.0,,0.0,0.8,0.8,0.3,0.0,0.0,0.5,0.8,0.0
266,Michael Kidd-Gilchrist\kiddgmi01,PF-SF,26,TOT,17,0,12.1,1.1,3.4,.333,0.3,1.1,.278,0.8,2.3,.359,.377,0.4,0.5,.778,0.6,2.2,2.9,0.7,0.1,0.3,0.5,1.6,2.9
266,Michael Kidd-Gilchrist\kiddgmi01,PF,26,CHO,12,0,13.3,1.5,4.4,.340,0.4,1.4,.294,1.1,3.0,.361,.387,0.6,0.8,.778,0.8,2.2,2.9,0.8,0.0,0.3,0.6,1.5,4.0
266,Michael Kidd-Gilchrist\kiddgmi01,SF,26,DAL,5,0,9.2,0.2,0.8,.250,0.0,0.2,.000,0.2,0.6,.333,.250,0.0,0.0,,0.4,2.4,2.8,0.4,0.2,0.4,0.4,1.8,0.4
267,Louis King\kinglo02,SF,20,DET,10,0,6.2,0.8,2.1,.381,0.4,1.1,.364,0.4,1.0,.400,.476,0.0,0.3,.000,0.1,0.9,1.0,0.5,0.2,0.0,0.2,1.0,2.0
268,Maxi Kleber\klebima01,C,28,DAL,59,16,24.9,3.3,7.0,.465,1.6,4.2,.382,1.6,2.8,.591,.580,1.1,1.3,.859,1.6,3.7,5.3,1.1,0.3,1.2,0.7,2.3,9.3
269,Brandon Knight\knighbr03,PG,28,TOT,21,0,16.0,2.1,5.9,.355,1.5,4.7,.327,0.6,1.2,.462,.484,0.5,1.0,.476,0.1,1.1,1.3,2.2,0.4,0.1,1.3,1.4,6.2
269,Brandon Knight\knighbr03,PG,28,CLE,16,0,15.1,1.8,5.4,.326,1.2,4.0,.297,0.6,1.4,.409,.436,0.3,0.8,.308,0.2,1.1,1.3,1.9,0.3,0.1,1.0,1.3,4.9
269,Brandon Knight\knighbr03,PG,28,DET,5,0,19.0,3.2,7.6,.421,2.6,6.8,.382,0.6,0.8,.750,.592,1.2,1.6,.750,0.0,1.4,1.4,3.0,0.6,0.0,2.4,1.8,10.2
270,Kevin Knox\knoxke01,SF,20,NYK,58,4,18.1,2.2,6.2,.362,1.0,3.1,.319,1.2,3.1,.407,.443,1.0,1.6,.641,0.3,2.4,2.8,0.9,0.3,0.4,0.7,1.6,6.5
271,John Konchar\konchjo01,SG,23,MEM,9,0,8.2,1.1,1.7,.667,0.0,0.4,.000,1.1,1.2,.909,.667,0.1,0.2,.500,0.7,1.2,1.9,1.0,0.4,0.1,0.2,0.2,2.3
272,Furkan Korkmaz\korkmfu01,SG,22,PHI,59,12,21.6,3.5,8.1,.437,2.0,5.0,.395,1.6,3.1,.505,.559,0.8,1.1,.726,0.3,2.0,2.3,1.0,0.5,0.2,0.7,1.3,9.8
273,Luke Kornet\kornelu01,C,24,CHI,36,14,15.5,2.3,5.2,.439,0.9,3.0,.287,1.4,2.2,.646,.521,0.6,0.8,.714,0.6,1.7,2.3,0.9,0.3,0.7,0.4,1.5,6.0
274,Kyle Korver\korveky01,SF,38,MIL,47,0,16.6,2.1,5.0,.418,1.6,4.0,.407,0.5,1.0,.458,.580,0.6,0.7,.839,0.3,1.8,2.1,1.2,0.4,0.2,0.8,1.3,6.4
275,Rodions Kurucs\kurucro01,PF,21,BRK,35,4,12.8,1.6,3.5,.471,0.7,1.6,.439,0.9,1.8,.500,.574,0.4,0.6,.636,0.5,2.0,2.5,0.8,0.4,0.1,0.9,1.7,4.4
276,Kyle Kuzma\kuzmaky01,PF,24,LAL,48,6,24.5,4.7,10.8,.435,1.4,4.4,.316,3.3,6.5,.514,.498,1.8,2.5,.729,0.9,3.4,4.3,1.3,0.4,0.4,1.6,1.9,12.6
277,Skal Labissière\labissk01,C,23,POR,33,1,17.2,2.5,4.5,.551,0.1,0.4,.231,2.4,4.1,.582,.561,0.8,1.0,.758,2.0,3.2,5.1,1.3,0.2,0.9,0.9,2.7,5.8
278,Jeremy Lamb\lambje01,SG,27,IND,46,42,28.1,4.7,10.4,.451,1.2,3.4,.335,3.5,7.0,.508,.506,2.0,2.4,.836,0.5,3.8,4.3,2.1,1.2,0.5,1.1,2.3,12.5
279,Romeo Langford\langfro01,SG,20,BOS,21,1,11.0,1.0,2.4,.420,0.2,1.0,.250,0.8,1.4,.533,.470,0.7,1.0,.667,0.3,0.6,1.0,0.2,0.3,0.3,0.3,1.1,2.9
280,Zach LaVine\lavinza01,SG,24,CHI,59,59,34.7,9.0,19.9,.451,3.1,8.1,.378,5.9,11.8,.500,.527,4.5,5.6,.809,0.7,4.2,4.8,4.2,1.5,0.5,3.5,2.1,25.5
281,Vic Law\lawvi01,SF,24,ORL,3,0,1.3,0.0,0.7,.000,0.0,0.3,.000,0.0,0.3,.000,.000,0.0,0.7,.000,0.0,0.0,0.0,0.0,0.0,0.0,0.0,0.0,0.0
282,Jake Layman\laymaja01,PF,25,MIN,17,2,24.1,3.9,8.8,.443,1.2,3.6,.339,2.6,5.1,.517,.513,0.8,1.1,.684,0.7,2.1,2.8,0.8,0.9,0.6,1.2,2.3,9.8
283,T.J. Leaf\leaftj01,PF,22,IND,24,1,7.9,1.3,2.9,.435,0.2,0.6,.357,1.0,2.3,.455,.471,0.3,0.5,.583,0.9,1.8,2.7,0.3,0.3,0.1,0.3,0.8,3.0
284,Jalen Lecque\lecquja01,PG,19,PHO,4,0,6.5,1.0,2.5,.400,0.0,1.0,.000,1.0,1.5,.667,.400,0.5,0.5,1.000,0.0,0.0,0.0,0.5,0.0,0.0,0.3,0.5,2.5
285,Courtney Lee\leeco01,SG,34,DAL,17,4,10.9,1.4,2.8,.479,0.8,1.9,.438,0.5,0.9,.563,.625,0.1,0.1,.500,0.2,0.9,1.1,0.5,0.5,0.2,0.3,1.1,3.6
286,Damion Lee\leeda03,SG,27,GSW,43,30,28.3,4.2,10.2,.416,1.6,4.6,.357,2.6,5.6,.463,.495,2.3,2.6,.883,0.7,4.1,4.9,2.6,1.0,0.1,1.4,2.4,12.4
287,Alex Len\lenal01,C,26,TOT,44,9,18.5,3.4,6.2,.547,0.3,1.3,.250,3.1,5.0,.624,.573,1.3,2.0,.640,1.8,4.1,5.9,1.0,0.5,0.9,1.0,2.3,8.4
287,Alex Len\lenal01,C,26,ATL,40,9,18.6,3.6,6.5,.546,0.4,1.4,.250,3.2,5.1,.627,.573,1.3,2.0,.630,1.7,4.0,5.8,1.1,0.5,0.8,1.0,2.3,8.7
287,Alex Len\lenal01,C,26,SAC,4,0,17.3,2.0,3.5,.571,0.0,0.0,,2.0,3.5,.571,.571,1.0,1.3,.800,2.8,4.8,7.5,1.0,0.5,1.3,1.5,2.3,5.0
288,Kawhi Leonard\leonaka01,SF,28,LAC,46,46,32.3,9.4,20.2,.464,2.1,5.7,.365,7.3,14.5,.502,.515,6.2,6.8,.898,1.0,6.5,7.5,5.2,1.8,0.6,2.9,2.0,27.0
289,Meyers Leonard\leoname01,C,27,MIA,49,49,20.1,2.4,4.6,.520,1.0,2.4,.429,1.3,2.1,.625,.635,0.3,0.5,.654,0.6,4.5,5.1,1.1,0.3,0.3,0.7,2.1,6.1
290,Caris LeVert\leverca01,SG,25,BRK,33,19,28.1,6.0,15.1,.400,1.7,4.5,.376,4.3,10.5,.411,.457,2.6,3.6,.723,1.0,2.8,3.8,3.8,1.2,0.2,2.5,1.9,16.4
291,Damian Lillard\lillada01,PG,29,POR,54,54,37.0,9.4,20.4,.460,3.9,10.0,.393,5.5,10.4,.524,.556,6.8,7.7,.889,0.5,3.8,4.4,7.9,1.0,0.3,2.9,1.7,29.5
292,Nassir Little\littlna01,PF,19,POR,43,5,12.7,1.4,3.2,.424,0.3,1.3,.255,1.0,2.0,.536,.475,0.6,1.0,.634,0.7,1.7,2.5,0.5,0.2,0.3,0.3,1.6,3.7
293,Kevon Looney\looneke01,C,23,GSW,19,4,13.0,1.3,3.9,.338,0.1,0.7,.077,1.3,3.2,.393,.345,0.4,0.5,.700,1.4,1.8,3.2,0.9,0.6,0.3,0.6,1.7,3.1
294,Brook Lopez\lopezbr01,C,31,MIL,56,55,26.6,3.9,9.3,.422,1.4,4.7,.290,2.6,4.6,.556,.495,1.5,1.8,.833,0.6,3.8,4.4,1.6,0.7,2.5,1.0,2.3,10.7
295,Robin Lopez\lopezro01,C,31,MIL,55,3,14.2,2.3,4.5,.510,0.5,1.6,.330,1.8,2.9,.609,.568,0.4,0.8,.535,0.9,1.5,2.4,0.7,0.2,0.7,0.9,1.3,5.6
296,Kevin Love\loveke01,PF,31,CLE,50,50,31.2,5.8,12.8,.449,2.5,6.7,.375,3.2,6.1,.531,.548,3.2,3.7,.850,0.9,8.7,9.6,3.0,0.6,0.4,2.5,1.5,17.2
297,Kyle Lowry\lowryky01,PG,33,TOR,47,47,36.5,5.8,14.1,.415,2.8,8.1,.350,3.0,6.0,.502,.515,4.7,5.6,.854,0.6,4.2,4.8,7.7,1.3,0.5,3.0,3.2,19.2
298,Timothé Luwawu-Cabarrot\luwawti01,SG,24,BRK,33,0,15.7,1.8,4.5,.415,0.9,2.3,.403,0.9,2.1,.429,.520,1.0,1.3,.791,0.5,1.8,2.3,0.5,0.4,0.1,0.8,1.8,5.7
299,Trey Lyles\lylestr01,PF,24,SAS,57,47,18.7,2.1,4.8,.438,0.9,2.4,.366,1.2,2.5,.507,.527,0.4,0.6,.676,1.2,4.4,5.6,1.0,0.3,0.4,0.6,1.5,5.5
300,Daryl Macon\maconda01,SG,24,MIA,4,0,3.5,0.3,0.8,.333,0.3,0.5,.500,0.0,0.3,.000,.500,0.0,0.0,,0.0,0.0,0.0,0.3,0.0,0.0,0.5,0.3,0.8
301,J.P. Macura\macurjp01,SG,24,CLE,1,0,1.0,0.0,0.0,,0.0,0.0,,0.0,0.0,,,0.0,0.0,,0.0,0.0,0.0,0.0,0.0,0.0,0.0,0.0,0.0
302,Josh Magette\magetjo01,PG,30,ORL,8,0,4.8,0.6,1.9,.333,0.1,0.5,.250,0.5,1.4,.364,.367,0.1,0.3,.500,0.1,0.6,0.8,0.6,0.4,0.1,0.6,0.5,1.5
303,Ian Mahinmi\mahinia01,C,33,WAS,38,35,21.3,2.7,5.5,.495,0.1,0.7,.192,2.6,4.8,.538,.507,1.8,3.0,.619,2.1,3.7,5.7,1.3,0.8,1.2,1.2,3.0,7.4
304,Thon Maker\makerth01,C,22,DET,56,13,12.7,1.5,3.1,.500,0.4,1.0,.345,1.2,2.0,.579,.558,1.2,1.8,.667,0.9,1.9,2.8,0.7,0.4,0.6,0.8,1.6,4.6
305,Terance Mann\mannte01,SG,23,LAC,35,6,7.7,0.6,1.5,.407,0.1,0.3,.250,0.5,1.2,.452,.435,0.3,0.3,.750,0.1,0.8,0.9,1.1,0.2,0.1,0.4,1.0,1.6
306,Boban Marjanović\marjabo01,C,31,DAL,30,1,8.8,2.3,4.3,.547,0.1,0.4,.273,2.2,3.9,.573,.559,0.9,1.2,.730,1.2,2.6,3.9,0.4,0.1,0.2,0.7,1.4,5.7
307,Lauri Markkanen\markkla01,PF,22,CHI,46,46,30.3,5.1,12.0,.424,2.2,6.4,.344,2.9,5.6,.516,.515,2.7,3.2,.826,1.2,5.2,6.5,1.5,0.8,0.5,1.7,2.0,15.0
308,Caleb Martin\martica02,SF,24,CHO,12,1,13.3,1.2,3.3,.350,0.5,1.3,.400,0.7,2.1,.320,.425,0.3,0.6,.571,0.5,1.5,2.0,1.0,0.3,0.3,0.7,1.5,3.2
309,Cody Martin\martico01,SF,24,CHO,42,1,16.9,1.7,4.1,.415,0.3,1.5,.219,1.4,2.5,.533,.456,0.9,1.3,.643,0.8,2.3,3.1,1.6,0.7,0.2,0.8,1.5,4.6
310,Jeremiah Martin\martije02,PG,23,BRK,2,0,5.5,0.5,2.0,.250,0.0,0.0,,0.5,2.0,.250,.250,0.0,0.0,,0.0,0.5,0.5,0.5,0.5,0.0,0.0,0.0,1.0
311,Kelan Martin\martike03,SF,24,MIN,27,4,17.1,2.4,6.2,.393,0.9,3.3,.261,1.6,3.0,.538,.461,1.0,1.0,1.000,0.4,2.9,3.3,0.7,0.3,0.3,0.6,1.8,6.7
312,Frank Mason\masonfr01,PG,25,MIL,4,0,4.5,0.3,1.8,.143,0.3,1.0,.250,0.0,0.8,.000,.214,0.5,1.0,.500,0.3,0.3,0.5,1.3,0.3,0.0,0.3,0.5,1.3
313,Garrison Mathews\mathega01,SG,23,WAS,16,0,12.6,1.4,3.1,.460,1.1,2.6,.429,0.3,0.5,.625,.640,1.8,2.0,.906,0.4,1.1,1.4,0.6,0.2,0.1,0.4,1.6,5.8
314,Wesley Matthews\matthwe02,SG,33,MIL,56,56,24.5,2.6,6.3,.409,1.7,4.4,.378,0.9,1.9,.481,.541,0.8,1.0,.759,0.3,2.2,2.4,1.5,0.6,0.2,0.7,1.5,7.6
315,Patrick McCaw\mccawpa01,SF,24,TOR,32,11,24.0,1.9,4.5,.420,0.7,1.9,.350,1.2,2.6,.470,.493,0.4,0.5,.750,0.6,1.6,2.2,2.2,1.1,0.1,0.8,1.6,4.8
316,CJ McCollum\mccolcj01,SG,28,POR,56,56,35.9,8.7,19.4,.446,2.8,7.3,.384,5.9,12.1,.484,.518,1.8,2.4,.745,0.6,3.4,4.0,4.2,0.7,0.6,1.9,2.5,22.0
317,T.J. McConnell\mccontj01,PG,27,IND,57,3,18.9,3.0,5.7,.521,0.1,0.2,.308,2.9,5.5,.530,.528,0.5,0.6,.829,0.5,2.1,2.6,5.1,0.7,0.2,1.4,1.1,6.5
318,Jalen McDaniels\mcdanja01,PF,22,CHO,10,0,16.9,1.9,4.2,.452,0.7,1.7,.412,1.2,2.5,.480,.536,0.9,1.2,.750,0.7,3.4,4.1,0.4,0.7,0.2,0.6,2.0,5.4
319,Doug McDermott\mcderdo01,PF,28,IND,59,0,20.3,3.8,8.0,.482,1.9,4.3,.433,2.0,3.7,.539,.599,0.7,0.8,.816,0.4,2.1,2.5,1.1,0.1,0.1,0.6,1.7,10.2
320,JaVale McGee\mcgeeja01,C,32,LAL,55,55,16.7,3.1,4.7,.646,0.1,0.1,.500,3.0,4.6,.650,.652,0.8,1.3,.652,1.8,4.0,5.9,0.6,0.5,1.5,0.8,2.4,7.0
321,Rodney McGruder\mcgruro01,SG,28,LAC,46,3,15.6,1.3,3.3,.391,0.5,1.7,.276,0.8,1.6,.507,.460,0.3,0.6,.500,0.5,2.1,2.7,0.6,0.5,0.2,0.4,1.4,3.3
322,Alfonzo McKinnie\mckinal01,SF,27,CLE,37,1,14.4,1.7,4.1,.414,0.3,1.6,.203,1.4,2.5,.548,.454,0.5,0.8,.690,0.8,1.9,2.8,0.4,0.6,0.2,0.6,1.7,4.3
323,Jordan McLaughlin\mclaujo01,PG,23,MIN,24,2,19.3,2.7,5.8,.468,1.1,2.7,.406,1.6,3.1,.520,.561,0.9,1.2,.724,0.2,1.5,1.7,4.0,1.1,0.2,0.8,1.0,7.4
324,Ben McLemore\mclembe01,SG,26,HOU,58,18,23.5,3.5,7.8,.449,2.6,6.5,.396,0.9,1.3,.711,.614,0.8,1.0,.750,0.3,1.9,2.3,0.9,0.6,0.2,0.8,2.1,10.3
325,Jordan McRae\mcraejo01,SG,28,TOT,33,4,20.8,4.1,9.8,.418,1.3,3.3,.382,2.8,6.5,.437,.483,2.0,2.6,.770,0.5,2.8,3.3,2.6,0.6,0.5,1.2,1.9,11.5
325,Jordan McRae\mcraejo01,SG,28,WAS,29,4,22.6,4.6,10.9,.420,1.4,3.7,.377,3.2,7.3,.441,.483,2.2,2.9,.771,0.6,3.0,3.6,2.8,0.7,0.5,1.3,2.1,12.8
325,Jordan McRae\mcraejo01,SG,28,DEN,4,0,8.0,0.5,1.5,.333,0.5,1.0,.500,0.0,0.5,.000,.500,0.8,1.0,.750,0.3,1.0,1.3,1.0,0.5,0.3,0.0,0.5,2.3
326,Nicolò Melli\mellini01,C,29,NOP,47,6,16.5,2.4,5.1,.473,1.3,3.2,.395,1.1,1.9,.609,.598,0.7,0.9,.756,0.7,2.3,3.0,1.1,0.5,0.4,0.8,1.9,6.7
327,De'Anthony Melton\meltode01,PG,21,MEM,46,2,18.9,2.9,6.7,.432,0.6,2.0,.301,2.3,4.7,.488,.477,1.8,2.2,.822,0.7,3.0,3.7,3.0,1.2,0.3,1.5,1.9,8.2
328,Chimezie Metu\metuch01,PF,22,SAS,16,0,4.6,1.3,2.2,.571,0.0,0.1,.000,1.3,2.1,.588,.571,0.4,0.5,.750,0.6,1.0,1.6,0.4,0.1,0.3,0.3,0.3,2.9
329,Khris Middleton\middlkh01,SF,28,MIL,51,48,29.9,7.7,15.2,.508,2.4,5.5,.438,5.3,9.6,.549,.589,3.3,3.6,.907,0.8,5.5,6.3,4.2,1.0,0.1,2.0,2.2,21.1
330,Eric Mika\mikaer01,PF,25,SAC,1,0,19.0,2.0,3.0,.667,0.0,0.0,,2.0,3.0,.667,.667,2.0,2.0,1.000,2.0,5.0,7.0,0.0,0.0,0.0,0.0,5.0,6.0
331,C.J. Miles\milescj01,SG,32,WAS,10,0,16.1,1.9,5.9,.322,1.1,3.5,.314,0.8,2.4,.333,.415,1.5,2.0,.750,0.4,0.8,1.2,1.2,1.0,0.4,0.4,1.4,6.4
332,Malcolm Miller\millema01,SF,26,TOR,24,1,5.2,0.3,1.0,.348,0.3,0.8,.333,0.1,0.2,.400,.478,0.0,0.3,.167,0.0,0.5,0.6,0.3,0.2,0.1,0.1,0.5,1.0
333,Patty Mills\millspa02,PG,31,SAS,57,1,23.0,3.9,9.3,.423,2.4,6.2,.382,1.5,3.0,.509,.552,1.4,1.7,.842,0.3,1.3,1.6,1.8,0.8,0.1,0.8,1.5,11.6
334,Paul Millsap\millspa01,PF,34,DEN,39,36,24.3,4.1,8.6,.479,1.1,2.5,.438,3.1,6.2,.496,.542,2.5,2.9,.850,1.9,3.9,5.8,1.6,0.9,0.7,1.3,2.8,11.8
335,Shake Milton\miltosh01,SG,23,PHI,27,11,17.0,2.7,5.7,.471,1.3,2.9,.430,1.4,2.7,.514,.582,1.0,1.3,.800,0.3,1.9,2.1,1.9,0.4,0.2,1.0,1.9,7.6
336,Donovan Mitchell\mitchdo01,SG,23,UTA,58,58,34.4,9.1,19.9,.458,2.5,6.8,.367,6.6,13.1,.505,.521,4.0,4.7,.854,0.7,3.7,4.4,4.2,1.0,0.2,2.7,2.5,24.8
337,Naz Mitrou-Long\mitrona01,SG,26,IND,3,0,14.3,2.0,5.3,.375,0.7,3.7,.182,1.3,1.7,.800,.438,0.0,0.0,,0.0,2.0,2.0,2.3,0.3,0.3,0.7,0.3,4.7
338,Adam Mokoka\mokokad01,SG,21,CHI,9,0,8.4,0.9,2.2,.400,0.4,1.1,.400,0.4,1.1,.400,.500,0.0,0.2,.000,0.7,0.3,1.0,0.3,0.2,0.0,0.1,1.2,2.2
339,Malik Monk\monkma01,SG,21,CHO,55,1,21.3,3.9,8.9,.434,1.1,3.7,.284,2.8,5.2,.542,.494,1.5,1.8,.820,0.5,2.4,2.9,2.1,0.5,0.3,1.4,1.3,10.3
340,Matt Mooney\moonema01,SG,22,CLE,2,0,2.5,0.5,1.0,.500,0.0,0.5,.000,0.5,0.5,1.000,.500,0.0,0.0,,0.0,0.5,0.5,0.5,0.0,0.5,0.0,0.5,1.0
341,E'Twaun Moore\mooreet01,SG,30,NOP,46,5,19.2,3.6,8.4,.429,1.3,3.3,.382,2.3,5.1,.460,.504,0.6,0.9,.659,0.6,1.8,2.5,1.5,0.6,0.2,0.7,1.5,9.1
342,Ja Morant\moranja01,PG,20,MEM,53,53,29.9,6.6,13.6,.489,0.8,2.2,.336,5.9,11.3,.519,.517,3.5,4.5,.775,0.6,2.7,3.4,6.9,0.9,0.2,3.2,1.5,17.5
343,Juwan Morgan\morgaju01,PF,22,UTA,16,0,4.6,0.6,1.1,.529,0.1,0.3,.200,0.5,0.8,.667,.559,0.0,0.0,,0.3,0.9,1.2,0.1,0.0,0.1,0.2,0.4,1.2
344,Marcus Morris\morrima03,SF-PF,30,TOT,50,50,31.9,6.2,14.2,.437,2.5,6.0,.423,3.7,8.2,.447,.526,3.4,4.1,.824,1.0,4.2,5.2,1.4,0.8,0.5,1.7,2.9,18.3
344,Marcus Morris\morrima03,SF,30,NYK,43,43,32.3,6.5,14.8,.442,2.7,6.1,.439,3.8,8.7,.444,.533,3.8,4.6,.823,1.1,4.3,5.4,1.4,0.8,0.4,1.7,3.0,19.6
344,Marcus Morris\morrima03,PF,30,LAC,7,7,30.0,4.3,10.9,.395,1.6,5.1,.306,2.7,5.7,.475,.467,0.7,0.9,.833,0.6,3.6,4.1,1.7,0.9,1.0,1.9,2.4,10.9
345,Markieff Morris\morrima02,PF,30,TOT,46,16,22.2,3.9,8.6,.451,1.7,4.2,.399,2.2,4.4,.500,.548,1.4,1.8,.778,0.6,3.3,3.9,1.5,0.6,0.3,1.5,2.4,10.8
345,Markieff Morris\morrima02,PF,30,DET,44,16,22.5,4.0,8.8,.450,1.7,4.3,.397,2.3,4.5,.500,.546,1.4,1.8,.772,0.5,3.4,3.9,1.6,0.6,0.3,1.6,2.4,11.0
345,Markieff Morris\morrima02,PF,30,LAL,2,0,17.0,2.0,4.0,.500,1.0,2.0,.500,1.0,2.0,.500,.625,1.0,1.0,1.000,1.5,1.0,2.5,0.5,0.0,0.5,0.5,2.5,6.0
346,Monte Morris\morrimo01,PG,24,DEN,59,8,21.4,3.5,7.5,.464,0.8,2.2,.383,2.6,5.3,.497,.519,0.7,0.9,.800,0.3,1.5,1.8,3.6,0.8,0.2,0.7,1.0,8.5
347,Johnathan Motley\motlejo01,PF,24,LAC,13,0,3.2,0.8,1.2,.733,0.1,0.1,1.000,0.8,1.1,.714,.767,0.4,0.5,.714,0.2,0.5,0.8,0.6,0.2,0.0,0.4,0.5,2.2
348,Emmanuel Mudiay\mudiaem01,PG,23,UTA,47,1,15.9,2.9,6.1,.470,0.6,1.6,.360,2.3,4.5,.509,.517,1.1,1.5,.754,0.4,2.1,2.4,2.3,0.4,0.2,1.4,1.3,7.4
349,Mychal Mulder\muldemy01,SG,25,GSW,1,0,22.0,1.0,6.0,.167,0.0,5.0,.000,1.0,1.0,1.000,.167,0.0,0.0,,0.0,4.0,4.0,0.0,0.0,0.0,0.0,0.0,2.0
350,Dejounte Murray\murrade01,PG,23,SAS,53,45,24.7,4.2,8.9,.476,0.5,1.5,.377,3.7,7.4,.495,.506,1.4,1.7,.800,1.2,4.6,5.8,4.0,1.6,0.3,1.9,2.2,10.4
351,Jamal Murray\murraja01,PG,22,DEN,49,49,32.4,7.0,15.3,.456,1.8,5.3,.341,5.2,10.0,.516,.515,2.9,3.3,.889,0.7,3.2,3.9,4.8,1.2,0.3,2.2,1.7,18.7
352,Džanan Musa\musadz01,SF,20,BRK,35,0,11.5,1.4,4.0,.360,0.4,1.9,.231,1.0,2.1,.473,.414,0.9,1.3,.750,0.5,1.5,2.0,0.9,0.4,0.0,0.8,0.7,4.2
353,Mike Muscala\muscami01,C,28,OKC,39,0,12.3,1.6,4.1,.405,1.1,3.1,.361,0.5,1.0,.538,.541,0.5,0.6,.818,0.3,2.0,2.4,0.8,0.2,0.3,0.3,1.2,4.8
354,Sviatoslav Mykhailiuk\mykhasv01,SF,22,DET,51,22,22.1,2.9,6.9,.423,2.0,4.8,.413,0.9,2.1,.448,.568,1.0,1.1,.860,0.3,1.4,1.7,1.7,0.7,0.1,1.0,1.5,8.8
355,Abdel Nader\naderab01,SF,26,OKC,44,5,15.5,2.1,4.5,.460,0.8,2.2,.365,1.3,2.3,.549,.548,1.0,1.3,.789,0.3,1.4,1.7,0.7,0.4,0.3,0.8,1.4,6.0
356,Larry Nance\nancela02,C,27,CLE,50,8,25.2,3.9,7.4,.531,0.9,2.8,.341,3.0,4.7,.644,.594,0.8,1.2,.678,1.9,5.5,7.4,2.0,0.9,0.4,1.1,1.6,9.6
357,Shabazz Napier\napiesh01,PG,28,TOT,45,24,23.4,3.2,8.0,.407,1.3,4.3,.308,1.9,3.6,.524,.490,2.0,2.4,.827,0.5,2.3,2.8,4.9,1.2,0.2,2.1,1.8,9.8
357,Shabazz Napier\napiesh01,PG,28,MIN,36,22,23.8,3.2,7.9,.403,1.3,4.4,.296,1.9,3.4,.540,.486,2.0,2.4,.818,0.5,2.6,3.1,5.2,1.1,0.2,2.1,1.7,9.6
357,Shabazz Napier\napiesh01,PG,28,WAS,9,2,22.0,3.6,8.4,.421,1.4,4.0,.361,2.1,4.4,.475,.507,2.1,2.4,.864,0.7,1.3,2.0,3.9,1.6,0.1,2.0,2.0,10.7
358,Raul Neto\netora01,PG,27,PHI,46,3,11.2,1.5,3.4,.430,0.5,1.4,.369,1.0,2.0,.473,.506,0.4,0.5,.818,0.2,0.8,1.1,1.5,0.5,0.1,0.8,0.8,3.9
359,Malik Newman\newmama01,SG,22,CLE,1,0,4.0,0.0,2.0,.000,0.0,1.0,.000,0.0,1.0,.000,.000,2.0,2.0,1.000,0.0,0.0,0.0,0.0,0.0,0.0,1.0,0.0,2.0
360,Georges Niang\niangge01,PF,26,UTA,53,0,13.5,2.0,4.5,.456,1.3,3.1,.421,0.7,1.4,.534,.601,0.4,0.4,.864,0.2,1.8,2.0,0.6,0.2,0.1,0.5,1.1,5.7
361,Nerlens Noel\noelne01,C,25,OKC,51,6,18.5,3.2,4.6,.688,0.0,0.1,.333,3.2,4.6,.692,.690,1.4,1.8,.766,1.5,3.4,5.0,1.0,1.0,1.5,0.9,2.6,7.8
362,Zach Norvell\norveza01,SG,22,TOT,5,0,8.2,0.6,2.4,.250,0.6,1.6,.375,0.0,0.8,.000,.375,0.2,0.2,1.000,0.0,1.2,1.2,0.6,0.4,0.0,0.6,0.8,2.0
362,Zach Norvell\norveza01,SG,22,LAL,2,0,2.5,0.0,0.5,.000,0.0,0.0,,0.0,0.5,.000,.000,0.0,0.0,,0.0,0.5,0.5,0.0,0.0,0.0,0.0,0.0,0.0
362,Zach Norvell\norveza01,SG,22,GSW,3,0,12.0,1.0,3.7,.273,1.0,2.7,.375,0.0,1.0,.000,.409,0.3,0.3,1.000,0.0,1.7,1.7,1.0,0.7,0.0,1.0,1.3,3.3
363,Jaylen Nowell\nowelja01,SG,20,MIN,11,0,11.1,1.5,4.1,.356,0.3,2.1,.130,1.2,2.0,.591,.389,1.0,1.1,.917,0.3,0.6,0.9,1.3,0.0,0.1,0.3,0.6,4.2
364,Frank Ntilikina\ntilila01,PG,21,NYK,50,26,20.8,2.2,5.7,.385,0.7,2.3,.310,1.5,3.4,.435,.448,0.8,0.9,.870,0.4,1.8,2.2,3.0,0.9,0.3,1.3,2.5,5.9
365,Kendrick Nunn\nunnke01,SG,24,MIA,56,56,29.9,6.2,13.8,.448,2.0,5.7,.353,4.2,8.1,.514,.521,1.4,1.6,.835,0.3,2.3,2.6,3.6,0.9,0.2,1.7,2.3,15.7
366,David Nwaba\nwabada01,SF,27,BRK,20,0,13.4,1.9,3.6,.521,0.6,1.4,.429,1.3,2.2,.581,.606,0.9,1.4,.667,0.4,1.9,2.3,0.4,0.6,0.6,0.4,1.6,5.2
367,Royce O'Neale\onealro01,PF,26,UTA,59,50,29.0,2.2,4.8,.448,1.2,3.1,.403,0.9,1.8,.524,.575,0.6,0.8,.756,0.4,4.8,5.2,2.5,0.8,0.4,0.8,2.9,6.2
368,Kyle O'Quinn\oquinky01,C,29,PHI,24,1,10.3,1.5,3.0,.493,0.3,0.9,.318,1.2,2.0,.571,.542,0.3,0.6,.533,1.3,2.6,3.9,1.4,0.2,0.9,0.8,1.4,3.5
369,Semi Ojeleye\ojelese01,PF,25,BOS,55,4,14.3,0.9,2.4,.400,0.5,1.5,.358,0.4,0.9,.469,.512,0.4,0.5,.889,0.4,1.5,1.8,0.5,0.3,0.1,0.2,1.0,2.9
370,Jahlil Okafor\okafoja01,C,24,NOP,28,9,15.1,3.1,5.1,.611,0.0,0.1,.500,3.1,5.1,.613,.615,1.3,2.1,.638,1.6,2.6,4.3,1.3,0.3,0.7,1.3,2.3,7.6
371,Elie Okobo\okoboel01,PG,22,PHO,50,3,13.2,1.3,3.3,.401,0.5,1.3,.348,0.9,2.0,.436,.470,0.8,1.2,.672,0.3,1.3,1.6,2.1,0.4,0.1,0.7,0.9,4.0
372,Josh Okogie\okogijo01,SG,21,MIN,56,22,24.7,2.8,6.5,.423,0.6,2.6,.252,2.1,3.9,.534,.473,2.5,3.2,.789,1.3,3.0,4.3,1.6,1.1,0.4,1.4,2.2,8.7
373,KZ Okpala\okpalkz01,SF,20,MIA,5,0,5.2,0.6,1.0,.600,0.0,0.2,.000,0.6,0.8,.750,.600,0.2,0.4,.500,0.2,0.8,1.0,0.2,0.4,0.2,0.2,0.4,1.4
374,Victor Oladipo\oladivi01,SG,27,IND,9,6,25.1,4.0,11.3,.353,1.3,5.3,.250,2.7,6.0,.444,.412,1.9,2.4,.773,0.7,2.0,2.7,2.6,0.6,0.1,2.2,1.3,11.2
375,Kelly Olynyk\olynyke01,C,28,MIA,53,6,19.3,2.6,5.6,.470,1.4,3.3,.420,1.2,2.3,.541,.593,1.2,1.4,.840,0.7,4.0,4.6,1.6,0.7,0.3,1.1,2.5,7.8
376,Miye Oni\onimi01,SG,22,UTA,3,0,2.7,0.0,0.0,,0.0,0.0,,0.0,0.0,,,0.0,0.0,,0.0,0.3,0.3,0.0,0.0,0.0,0.3,0.0,0.0
377,Cedi Osman\osmande01,SF,24,CLE,59,59,28.8,4.0,9.0,.445,1.8,4.8,.379,2.2,4.2,.520,.546,0.9,1.4,.646,0.5,3.0,3.5,2.4,0.8,0.3,1.4,2.4,10.8
378,Kelly Oubre\oubreke01,SF,24,PHO,56,55,34.5,6.7,14.8,.452,1.9,5.5,.352,4.7,9.3,.511,.517,3.4,4.4,.780,1.2,5.3,6.4,1.5,1.3,0.7,1.5,3.4,18.7
379,Tariq Owens\owensta01,PF,24,PHO,3,0,5.0,0.3,1.7,.200,0.0,0.7,.000,0.3,1.0,.333,.200,0.7,0.7,1.000,0.7,0.3,1.0,0.0,0.3,0.0,0.0,0.3,1.3
380,Jeremy Pargo\pargoje01,PG,33,GSW,3,0,14.7,3.7,7.3,.500,1.0,2.3,.429,2.7,5.0,.533,.568,0.0,0.3,.000,0.3,0.7,1.0,2.7,0.3,0.0,1.3,2.7,8.3
381,Jabari Parker\parkeja01,PF,24,TOT,33,23,25.8,6.0,12.1,.499,0.9,3.5,.267,5.1,8.6,.594,.538,1.7,2.2,.743,1.6,4.3,5.9,1.8,1.3,0.5,1.8,2.8,14.7
381,Jabari Parker\parkeja01,PF,24,ATL,32,23,26.2,6.2,12.3,.504,1.0,3.6,.270,5.2,8.7,.601,.543,1.7,2.3,.736,1.7,4.3,6.0,1.8,1.3,0.5,1.9,2.9,15.0
381,Jabari Parker\parkeja01,PF,24,SAC,1,0,15.0,1.0,6.0,.167,0.0,1.0,.000,1.0,5.0,.200,.167,2.0,2.0,1.000,0.0,4.0,4.0,2.0,0.0,0.0,0.0,1.0,4.0
382,Chandler Parsons\parsoch01,SF,31,ATL,5,0,10.8,1.0,3.6,.278,0.8,2.8,.286,0.2,0.8,.250,.389,0.0,0.0,,0.2,1.2,1.4,0.6,0.8,0.2,0.6,0.6,2.8
383,Eric Paschall\pascher01,PF,23,GSW,54,26,27.0,5.1,10.4,.488,0.6,2.1,.277,4.5,8.4,.541,.516,2.6,3.3,.783,1.4,3.3,4.6,1.7,0.6,0.2,1.6,2.1,13.4
384,Anžejs Pasečņiks\pasecan01,C,24,WAS,20,0,18.5,2.7,5.1,.529,0.0,0.1,.000,2.7,5.0,.540,.529,1.6,2.5,.620,1.9,2.9,4.7,0.9,0.4,0.5,1.1,2.9,7.0
385,Patrick Patterson\pattepa01,PF,30,LAC,48,18,12.3,1.5,3.8,.401,1.1,2.9,.380,0.4,0.9,.467,.544,0.6,0.7,.794,0.6,1.9,2.5,0.6,0.1,0.1,0.3,0.9,4.7
386,Justin Patton\pattoju01,C,22,OKC,5,0,4.8,0.8,2.0,.400,0.2,0.8,.250,0.6,1.2,.500,.450,0.0,0.0,,0.2,0.8,1.0,0.4,0.0,0.0,0.4,0.8,1.8
387,Chris Paul\paulch01,PG,34,OKC,59,59,31.7,6.2,12.7,.485,1.6,4.5,.357,4.6,8.3,.554,.548,3.6,4.0,.894,0.3,4.7,5.0,6.7,1.5,0.1,2.1,2.2,17.5
388,Elfrid Payton\paytoel01,PG,25,NYK,38,29,27.7,4.3,10.0,.430,0.4,1.7,.222,3.9,8.3,.472,.449,0.9,1.6,.548,1.2,3.5,4.7,7.1,1.6,0.4,2.1,2.1,9.8
389,Gary Payton\paytoga02,PG,27,WAS,25,17,16.3,1.8,4.4,.418,0.5,1.7,.310,1.3,2.7,.485,.477,0.2,0.3,.500,1.0,1.9,2.9,1.8,1.3,0.3,0.8,1.9,4.4
390,Norvel Pelle\pelleno01,C,26,PHI,17,0,10.0,1.1,1.9,.545,0.0,0.0,,1.1,1.9,.545,.545,0.4,0.7,.500,0.9,2.5,3.4,0.4,0.1,1.5,0.8,2.1,2.5
391,Theo Pinson\pinsoth01,SG,24,BRK,30,0,11.7,1.5,5.1,.296,0.5,2.6,.192,1.0,2.5,.405,.345,0.5,0.5,.938,0.3,1.4,1.7,1.8,0.5,0.1,1.1,1.1,4.0
392,Mason Plumlee\plumlma01,C,29,DEN,47,1,17.3,2.9,4.7,.614,0.0,0.1,.000,2.9,4.7,.626,.614,1.5,2.7,.552,1.7,3.8,5.5,2.4,0.5,0.6,1.4,2.3,7.3
393,Vincent Poirier\poirivi01,C,26,BOS,21,0,5.4,0.8,1.6,.485,0.0,0.1,.500,0.7,1.5,.484,.500,0.3,0.3,.857,0.5,1.1,1.6,0.3,0.1,0.3,0.3,1.1,1.9
394,Jakob Pöltl\poeltja01,C,24,SAS,57,9,16.9,2.4,3.8,.619,0.0,0.0,,2.4,3.8,.619,.619,0.6,1.3,.486,1.8,3.6,5.4,1.8,0.5,1.5,0.8,1.7,5.4
395,Shamorie Ponds\pondssh01,PG,21,TOR,4,0,2.8,0.8,1.3,.600,0.3,0.5,.500,0.5,0.8,.667,.700,0.5,0.5,1.000,0.0,0.3,0.3,0.5,0.0,0.3,0.0,0.5,2.3
396,Jordan Poole\poolejo01,SG,20,GSW,52,14,22.3,2.8,8.9,.317,1.3,4.7,.265,1.6,4.2,.376,.388,1.6,2.0,.824,0.1,1.9,2.1,2.2,0.6,0.2,1.2,1.7,8.5
397,Kevin Porter\porteke02,SF,19,CLE,47,2,22.9,3.7,8.4,.448,1.0,3.0,.343,2.7,5.3,.508,.510,1.4,2.0,.717,0.5,2.8,3.3,2.1,0.9,0.2,1.9,2.7,9.9
398,Michael Porter\portemi01,PF,21,DEN,43,1,14.1,3.1,6.0,.512,0.9,2.2,.426,2.2,3.9,.560,.588,0.7,0.9,.795,1.1,3.2,4.3,0.7,0.4,0.4,0.8,1.6,7.8
399,Otto Porter\porteot01,SF,26,CHI,9,9,25.1,3.9,9.3,.417,1.8,4.4,.400,2.1,4.9,.432,.512,1.7,2.2,.750,0.9,2.6,3.4,1.6,1.0,0.3,0.8,2.2,11.2
400,Bobby Portis\portibo01,C,24,NYK,59,5,21.0,3.8,8.7,.439,1.0,2.9,.347,2.8,5.8,.485,.497,1.1,1.4,.771,1.3,3.9,5.2,1.5,0.5,0.2,1.1,1.7,9.7
401,Kristaps Porziņģis\porzikr01,PF,24,DAL,46,46,30.7,6.4,15.3,.420,2.4,6.9,.354,4.0,8.4,.474,.500,3.5,4.5,.782,1.6,7.7,9.3,1.6,0.7,1.9,1.6,3.1,18.8
402,Dwight Powell\poweldw01,C,28,DAL,40,37,26.5,3.7,5.7,.638,0.3,1.0,.256,3.4,4.8,.716,.659,1.9,2.8,.667,1.9,3.8,5.7,1.5,0.9,0.6,0.9,2.6,9.4
403,Norman Powell\powelno01,SG,26,TOR,39,18,28.4,5.6,11.3,.494,2.1,5.2,.399,3.5,6.1,.576,.586,2.2,2.7,.827,0.6,3.2,3.8,1.7,1.2,0.4,1.5,2.1,15.5
404,Julius Randle\randlju01,PF,25,NYK,57,57,32.6,7.2,15.8,.455,1.0,3.8,.269,6.2,12.0,.514,.487,3.8,5.4,.713,2.3,7.3,9.6,3.2,0.8,0.4,3.0,2.7,19.2
405,Josh Reaves\reavejo02,SG,22,DAL,2,0,0.5,0.0,0.5,.000,0.0,0.0,,0.0,0.5,.000,.000,0.0,0.0,,0.0,0.0,0.0,0.0,0.0,0.0,0.0,0.0,0.0
406,Cam Reddish\reddica01,SF,20,ATL,53,33,26.6,3.5,9.4,.369,1.3,4.2,.317,2.1,5.1,.412,.441,1.8,2.2,.798,0.6,3.1,3.7,1.5,1.1,0.5,1.6,2.3,10.0
407,J.J. Redick\redicjj01,SG,35,NOP,54,35,26.4,4.6,10.3,.450,2.9,6.4,.452,1.8,3.9,.446,.590,2.7,3.0,.902,0.2,2.4,2.6,2.0,0.4,0.2,1.2,1.6,14.9
408,Naz Reid\reidna01,C,20,MIN,24,5,14.1,3.0,7.2,.419,1.1,3.3,.346,1.9,3.9,.479,.497,1.0,1.4,.697,0.8,2.3,3.1,0.8,0.5,0.7,0.6,2.7,8.1
409,Josh Richardson\richajo01,SG,26,PHI,46,44,31.2,5.2,12.2,.427,1.5,4.6,.322,3.7,7.6,.490,.488,2.1,2.7,.790,0.8,2.7,3.5,3.2,1.0,0.7,2.0,2.6,14.0
410,Austin Rivers\riverau01,SG,27,HOU,54,4,23.6,3.2,7.4,.429,1.4,4.0,.353,1.8,3.4,.516,.524,1.0,1.5,.691,0.4,2.0,2.4,1.6,0.7,0.2,0.6,1.9,8.8
411,Duncan Robinson\robindu01,SF,25,MIA,59,54,29.5,4.3,9.3,.461,3.6,8.1,.440,0.7,1.1,.612,.654,0.7,0.8,.896,0.2,3.0,3.2,1.4,0.5,0.2,0.8,2.8,12.8
412,Glenn Robinson\robingl02,SF,26,TOT,55,51,29.5,4.8,9.9,.482,1.2,3.3,.380,3.5,6.7,.531,.544,1.2,1.4,.855,1.3,3.0,4.4,1.7,0.9,0.3,0.9,1.6,12.0
412,Glenn Robinson\robingl02,SF,26,GSW,48,48,31.6,5.1,10.6,.481,1.4,3.5,.400,3.7,7.0,.522,.548,1.3,1.5,.851,1.4,3.3,4.7,1.8,0.9,0.3,1.0,1.7,12.9
412,Glenn Robinson\robingl02,SF,26,PHI,7,3,15.4,2.7,5.6,.487,0.0,1.3,.000,2.7,4.3,.633,.487,0.3,0.3,1.000,1.0,1.0,2.0,0.9,0.9,0.1,0.3,1.0,5.7
413,Jerome Robinson\robinje01,SG,22,TOT,50,1,12.4,1.3,3.7,.344,0.5,1.8,.295,0.7,1.9,.389,.415,0.3,0.5,.609,0.1,1.7,1.8,1.1,0.3,0.2,0.6,1.4,3.3
413,Jerome Robinson\robinje01,SG,22,LAC,42,1,11.3,1.1,3.2,.338,0.5,1.6,.284,0.6,1.6,.391,.408,0.3,0.5,.579,0.1,1.3,1.4,1.1,0.3,0.2,0.6,1.3,2.9
413,Jerome Robinson\robinje01,SG,22,WAS,8,0,18.1,2.1,5.9,.362,0.9,2.6,.333,1.3,3.3,.385,.436,0.4,0.5,.750,0.3,3.5,3.8,1.3,0.5,0.4,0.6,1.9,5.5
414,Justin Robinson\robinju01,PG,22,WAS,9,0,5.4,0.6,1.3,.417,0.3,0.6,.600,0.2,0.8,.286,.542,0.0,0.0,,0.1,0.4,0.6,0.8,0.0,0.1,0.3,0.2,1.4
415,Mitchell Robinson\robinmi01,C,21,NYK,55,7,22.9,3.9,5.3,.735,0.0,0.0,,3.9,5.3,.735,.735,1.3,2.3,.571,2.9,4.0,6.9,0.6,0.9,2.0,0.7,3.3,9.2
416,Isaiah Roby\robyis01,SF,21,OKC,3,0,3.7,0.0,0.3,.000,0.0,0.0,,0.0,0.3,.000,.000,0.0,0.0,,0.0,0.7,0.7,0.0,0.0,0.0,0.3,0.3,0.0
417,Rajon Rondo\rondora01,PG,33,LAL,42,3,20.8,3.0,7.0,.429,0.9,2.6,.342,2.1,4.4,.481,.493,0.6,0.9,.667,0.5,2.7,3.2,5.2,0.9,0.0,1.9,1.2,7.5
418,Derrick Rose\rosede01,PG,31,DET,49,14,26.3,7.5,15.3,.489,0.9,3.0,.301,6.6,12.3,.535,.519,2.4,2.8,.869,0.6,1.9,2.4,5.6,0.8,0.3,2.6,1.0,18.3
419,Terrence Ross\rosste01,SG,28,ORL,57,0,26.9,4.8,12.2,.391,2.4,7.1,.334,2.4,5.1,.471,.488,2.1,2.5,.837,0.2,3.0,3.2,1.2,1.1,0.3,1.0,1.5,13.9
420,Terry Rozier\roziete01,PG,25,CHO,58,58,34.1,6.1,14.7,.417,2.6,6.6,.395,3.5,8.1,.435,.506,2.7,3.1,.877,0.8,3.7,4.5,4.1,1.0,0.2,2.3,2.0,17.6
421,Ricky Rubio\rubiori01,PG,29,PHO,52,52,31.4,4.4,10.7,.407,1.1,3.3,.341,3.3,7.5,.436,.459,2.9,3.5,.834,0.7,3.8,4.5,8.8,1.6,0.2,2.7,2.5,12.8
422,D'Angelo Russell\russeda01,PG,23,TOT,39,39,32.3,8.3,19.1,.434,3.7,9.7,.379,4.6,9.4,.492,.531,3.5,4.4,.801,0.4,3.3,3.7,6.5,1.0,0.3,3.1,2.0,23.8
422,D'Angelo Russell\russeda01,PG,23,GSW,33,33,32.1,8.3,19.2,.430,3.6,9.7,.374,4.6,9.5,.487,.524,3.4,4.4,.785,0.4,3.3,3.7,6.2,0.9,0.3,3.1,1.9,23.6
422,D'Angelo Russell\russeda01,PG,23,MIN,6,6,33.3,8.5,18.5,.459,4.0,9.8,.407,4.5,8.7,.519,.568,4.0,4.5,.889,0.2,3.7,3.8,7.8,1.3,0.5,3.5,2.2,25.0
423,Domantas Sabonis\sabondo01,C,23,IND,56,56,34.4,7.3,13.5,.540,0.3,1.1,.233,7.1,12.5,.566,.549,3.5,4.8,.731,3.1,9.4,12.5,4.9,0.7,0.5,2.7,3.3,18.4
424,JaKarr Sampson\sampsja02,SF,26,IND,21,10,13.2,1.9,3.2,.588,0.1,0.6,.167,1.8,2.7,.679,.603,0.2,0.5,.400,0.5,1.6,2.1,0.2,0.4,0.4,0.3,1.7,4.1
425,Dario Šarić\saricda01,PF,25,PHO,53,45,24.3,3.5,7.9,.445,1.2,3.7,.318,2.3,4.2,.556,.519,1.2,1.5,.846,1.5,4.3,5.8,1.9,0.6,0.2,1.3,2.2,9.4
426,Tomáš Satoranský\satorto01,PG,28,CHI,59,59,28.9,3.7,8.5,.440,1.1,3.1,.335,2.7,5.3,.502,.502,1.7,1.9,.870,1.1,2.7,3.7,5.5,1.3,0.1,2.0,2.1,10.2
427,Admiral Schofield\schofad01,SF,22,WAS,26,2,11.2,1.2,2.9,.400,0.5,1.8,.298,0.6,1.1,.571,.493,0.3,0.5,.692,0.2,1.1,1.3,0.5,0.3,0.1,0.3,1.6,3.2
428,Dennis Schröder\schrode01,PG,26,OKC,59,1,31.0,7.0,14.8,.470,1.9,5.1,.381,5.0,9.7,.517,.535,2.9,3.5,.848,0.3,3.5,3.8,4.0,0.7,0.2,2.6,2.2,18.8
429,Mike Scott\scottmi01,PF,31,PHI,58,7,16.9,1.9,4.9,.396,1.1,3.2,.341,0.8,1.7,.500,.507,0.4,0.5,.889,0.8,2.5,3.3,0.6,0.3,0.1,0.4,1.2,5.4
430,Thabo Sefolosha\sefolth01,PF,35,HOU,40,0,10.7,0.9,2.3,.411,0.4,1.4,.278,0.6,0.9,.611,.494,0.1,0.2,.375,0.5,1.8,2.3,0.6,0.6,0.3,0.4,1.1,2.3
431,Collin Sexton\sextoco01,SG,21,CLE,59,59,32.3,7.6,16.4,.461,1.5,3.9,.382,6.1,12.6,.486,.506,3.4,4.0,.849,1.0,2.1,3.1,2.8,1.0,0.1,2.2,2.2,20.1
432,Landry Shamet\shamela01,SG,22,LAC,42,27,28.9,3.4,7.8,.433,2.4,6.0,.406,1.0,1.8,.519,.588,1.2,1.4,.897,0.1,1.9,2.0,1.9,0.4,0.2,0.8,2.9,10.4
433,Marial Shayok\shayoma01,SG,24,PHI,2,0,5.0,0.5,2.5,.200,0.5,1.5,.333,0.0,1.0,.000,.300,0.0,0.0,,0.0,1.5,1.5,0.5,0.0,0.0,0.5,0.0,1.5
434,Iman Shumpert\shumpim01,SG,29,BRK,13,0,18.5,1.6,4.9,.328,0.6,2.5,.242,1.0,2.4,.419,.391,0.3,0.5,.571,0.7,1.9,2.6,0.9,0.9,0.2,0.8,1.6,4.2
435,Pascal Siakam\siakapa01,PF,25,TOR,48,48,35.1,8.8,18.9,.462,2.2,5.9,.370,6.6,13.0,.504,.520,4.0,5.0,.797,1.1,6.4,7.5,3.4,1.0,0.9,2.4,2.7,23.7
436,Chris Silva\silvach01,PF,23,MIA,39,0,7.8,1.1,1.8,.623,0.0,0.1,.000,1.1,1.7,.642,.623,0.9,1.3,.694,1.4,1.4,2.8,0.5,0.2,0.5,0.8,2.1,3.1
437,Ben Simmons\simmobe01,PG,23,PHI,54,54,35.7,6.7,11.4,.585,0.0,0.1,.333,6.6,11.3,.588,.587,3.3,5.3,.627,2.0,5.8,7.8,8.2,2.1,0.6,3.6,3.2,16.7
438,Anfernee Simons\simonan01,SG,20,POR,59,4,22.2,3.3,8.3,.401,1.1,3.4,.330,2.2,4.9,.451,.469,1.2,1.4,.812,0.4,2.0,2.4,1.5,0.4,0.2,1.0,2.0,9.0
439,Alen Smailagić\smailal01,PF,19,GSW,14,0,9.9,1.4,2.9,.500,0.2,0.9,.231,1.2,1.9,.630,.538,1.1,1.4,.842,0.7,1.2,1.9,0.9,0.2,0.3,0.8,1.0,4.2
440,Marcus Smart\smartma01,SG,25,BOS,47,33,31.9,4.2,11.2,.378,2.3,6.5,.356,1.9,4.7,.409,.482,1.8,2.2,.810,0.7,3.0,3.7,4.9,1.6,0.5,1.6,2.6,12.6
441,Dennis Smith\smithde03,PG,22,NYK,34,3,15.8,2.1,6.2,.341,0.5,1.6,.296,1.6,4.6,.357,.379,0.8,1.6,.509,0.6,1.7,2.3,2.9,0.8,0.2,1.7,1.9,5.5
442,Ish Smith\smithis01,PG,31,WAS,58,19,26.3,4.4,9.8,.449,0.9,2.6,.362,3.4,7.2,.480,.496,0.8,1.2,.676,0.5,2.7,3.1,4.7,0.9,0.4,1.3,1.4,10.5
443,Zhaire Smith\smithzh01,SG,20,PHI,7,0,4.6,0.4,1.6,.273,0.0,0.4,.000,0.4,1.1,.375,.273,0.3,0.6,.500,0.0,0.3,0.3,0.3,0.4,0.0,0.3,0.6,1.1
444,Tony Snell\snellto01,SF,28,DET,54,52,27.4,2.9,6.4,.454,1.8,4.3,.408,1.2,2.1,.548,.591,0.5,0.5,1.000,0.1,1.6,1.8,2.0,0.5,0.2,0.5,1.6,8.1
445,Omari Spellman\spellom01,PF,22,GSW,49,3,18.1,2.6,6.0,.431,0.9,2.2,.391,1.7,3.8,.454,.503,1.5,1.9,.793,1.6,2.9,4.5,1.0,0.7,0.5,1.1,1.3,7.6
446,Max Strus\strusma01,SG,23,CHI,2,0,3.0,1.0,1.5,.667,0.0,0.5,.000,1.0,1.0,1.000,.667,0.5,0.5,1.000,0.5,0.0,0.5,0.0,0.0,0.0,0.0,0.5,2.5
447,Edmond Sumner\sumneed01,PG,24,IND,20,2,13.4,1.8,4.0,.438,0.4,1.3,.308,1.4,2.7,.500,.488,0.4,0.7,.615,0.4,1.1,1.5,1.4,0.7,0.3,0.8,1.4,4.3
448,Caleb Swanigan\swanica01,PF,22,TOT,21,1,11.0,1.2,2.1,.568,0.0,0.1,.000,1.2,2.0,.595,.568,0.4,0.8,.529,1.2,2.6,3.9,0.9,0.1,0.3,1.2,2.2,2.8
448,Caleb Swanigan\swanica01,PF,22,SAC,7,0,3.3,0.3,0.6,.500,0.0,0.0,,0.3,0.6,.500,.500,0.1,0.3,.500,0.3,0.7,1.0,0.3,0.1,0.3,0.9,1.1,0.7
448,Caleb Swanigan\swanica01,PF,22,POR,14,1,14.9,1.6,2.9,.575,0.0,0.1,.000,1.6,2.7,.605,.575,0.6,1.1,.533,1.7,3.6,5.3,1.1,0.1,0.3,1.4,2.8,3.9
449,Jayson Tatum\tatumja01,PF,21,BOS,54,54,34.3,8.4,18.5,.453,2.8,7.0,.398,5.6,11.5,.487,.529,3.8,4.6,.822,1.0,6.0,7.0,2.9,1.3,0.9,2.2,2.1,23.3
450,Jeff Teague\teaguje01,PG,31,TOT,53,16,25.5,3.6,8.4,.431,0.7,2.0,.361,2.9,6.4,.454,.475,3.1,3.5,.871,0.5,2.0,2.4,5.5,0.8,0.3,2.0,1.9,11.0
450,Jeff Teague\teaguje01,PG,31,MIN,34,13,27.8,4.3,9.5,.448,1.0,2.6,.379,3.3,7.0,.473,.498,3.7,4.2,.868,0.4,2.1,2.6,6.1,0.7,0.4,2.2,2.1,13.2
450,Jeff Teague\teaguje01,PG,31,ATL,19,3,21.3,2.5,6.4,.388,0.3,1.1,.286,2.2,5.3,.410,.413,1.9,2.2,.881,0.5,1.6,2.2,4.3,0.9,0.2,1.6,1.6,7.2
451,Garrett Temple\templga01,SG,33,BRK,53,31,28.4,3.7,9.6,.380,2.1,6.4,.329,1.6,3.3,.477,.488,1.0,1.3,.761,0.5,2.9,3.5,2.5,0.8,0.5,1.0,1.8,10.4
452,Daniel Theis\theisda01,C,27,BOS,52,51,23.2,3.6,6.4,.558,0.4,1.4,.311,3.2,5.0,.628,.593,1.3,1.8,.753,2.2,4.3,6.5,1.6,0.6,1.3,0.8,3.5,9.0
453,Isaiah Thomas\thomais02,PG,30,WAS,40,37,23.1,4.4,10.7,.408,2.0,4.7,.413,2.4,5.9,.405,.500,1.6,1.9,.816,0.3,1.4,1.7,3.7,0.3,0.2,1.9,1.9,12.2
454,Khyri Thomas\thomakh01,SG,23,DET,4,0,5.3,0.5,1.3,.400,0.5,1.0,.500,0.0,0.3,.000,.600,0.3,0.5,.500,0.0,0.0,0.0,0.3,0.0,0.0,0.3,0.5,1.8
455,Matt Thomas\thomama02,SG,25,TOR,28,0,10.2,1.8,3.5,.505,1.2,2.4,.500,0.5,1.0,.517,.680,0.2,0.3,.750,0.2,1.2,1.4,0.6,0.3,0.0,0.4,0.9,4.9
456,Tristan Thompson\thomptr01,C,28,CLE,55,50,30.5,5.1,10.0,.515,0.2,0.4,.429,5.0,9.6,.519,.524,1.8,2.8,.632,4.1,6.1,10.2,2.1,0.6,0.9,1.8,2.2,12.2
457,Matisse Thybulle\thybuma01,SG,22,PHI,52,10,19.6,1.6,4.1,.399,0.9,2.5,.362,0.7,1.6,.458,.509,0.5,0.7,.649,0.6,0.9,1.5,1.2,1.4,0.8,0.8,2.2,4.6
458,Anthony Tolliver\tollian01,PF,34,TOT,42,9,15.1,1.1,3.2,.343,0.8,2.5,.308,0.3,0.7,.467,.463,0.3,0.5,.667,0.7,2.2,2.9,0.8,0.3,0.2,0.6,1.4,3.3
458,Anthony Tolliver\tollian01,PF,34,POR,33,9,16.8,1.3,3.5,.368,0.9,2.7,.337,0.4,0.8,.464,.496,0.4,0.6,.684,0.8,2.5,3.3,0.9,0.2,0.3,0.6,1.6,3.9
458,Anthony Tolliver\tollian01,PF,34,SAC,9,0,9.1,0.3,1.9,.176,0.2,1.7,.133,0.1,0.2,.500,.235,0.1,0.2,.500,0.2,1.0,1.2,0.3,0.4,0.1,0.4,0.7,1.0
459,Juan Toscano-Anderson\toscaju01,SF,26,GSW,7,0,20.3,2.7,5.3,.514,0.9,1.7,.500,1.9,3.6,.520,.595,0.3,0.4,.667,0.1,3.7,3.9,1.9,1.3,0.4,1.4,1.7,6.6
460,Karl-Anthony Towns\townska01,C,24,MIN,35,35,33.9,9.0,17.8,.508,3.3,7.9,.412,5.8,9.9,.586,.600,5.1,6.5,.796,2.7,8.1,10.8,4.4,0.9,1.2,3.1,3.3,26.5
461,Gary Trent\trentga02,SG,21,POR,47,6,19.3,2.6,6.2,.426,1.5,3.7,.406,1.1,2.5,.457,.548,0.5,0.6,.821,0.4,1.2,1.6,0.9,0.8,0.2,0.3,1.2,7.3
462,Allonzo Trier\trieral01,PG,24,NYK,23,1,12.1,2.1,4.4,.480,0.8,2.2,.360,1.3,2.3,.596,.569,1.5,1.9,.791,0.2,1.0,1.2,1.1,0.1,0.2,1.0,1.2,6.5
463,P.J. Tucker\tuckepj01,PF,34,HOU,58,58,34.5,2.6,6.0,.441,1.5,4.1,.374,1.1,1.9,.580,.568,0.6,0.8,.841,1.5,5.3,6.8,1.6,1.1,0.4,1.1,3.2,7.4
464,Rayjon Tucker\tuckera01,SG,22,UTA,14,0,5.6,0.6,1.4,.421,0.0,0.4,.000,0.6,0.9,.615,.421,0.2,0.4,.600,0.1,0.8,0.9,0.1,0.1,0.0,0.2,0.5,1.4
465,Evan Turner\turneev01,PG,31,ATL,19,0,13.2,1.3,3.5,.373,0.0,0.3,.000,1.3,3.3,.403,.373,0.6,0.7,.857,0.4,1.6,2.0,2.0,0.5,0.4,1.4,1.1,3.3
466,Myles Turner\turnemy01,C,23,IND,49,49,29.1,4.1,9.3,.442,1.4,4.2,.338,2.7,5.1,.528,.519,2.0,2.6,.750,1.3,5.1,6.3,1.2,0.8,2.0,1.2,2.4,11.6
467,Jonas Valančiūnas\valanjo01,C,27,MEM,56,56,25.9,6.1,10.6,.570,0.5,1.4,.364,5.6,9.3,.600,.593,1.8,2.5,.729,2.9,7.8,10.8,1.8,0.4,1.1,1.7,2.6,14.4
468,Denzel Valentine\valende01,SF,26,CHI,30,0,12.2,2.2,5.5,.402,1.2,3.4,.356,1.0,2.1,.476,.512,0.2,0.2,1.000,0.1,1.8,1.9,1.1,0.7,0.2,0.7,1.3,5.8
469,Jarred Vanderbilt\vandeja01,SF-PF,20,TOT,11,0,4.2,0.5,0.7,.625,0.0,0.1,.000,0.5,0.6,.714,.625,0.2,0.2,1.000,0.3,0.5,0.8,0.2,0.3,0.1,0.6,0.5,1.1
469,Jarred Vanderbilt\vandeja01,SF,20,DEN,9,0,4.6,0.6,0.8,.714,0.0,0.0,,0.6,0.8,.714,.714,0.0,0.0,,0.3,0.6,0.9,0.2,0.3,0.1,0.8,0.7,1.1
469,Jarred Vanderbilt\vandeja01,PF,20,MIN,2,0,2.5,0.0,0.5,.000,0.0,0.5,.000,0.0,0.0,,.000,1.0,1.0,1.000,0.0,0.5,0.5,0.0,0.0,0.0,0.0,0.0,1.0
470,Fred VanVleet\vanvlfr01,PG,25,TOR,48,48,35.8,6.0,14.6,.409,2.7,7.0,.388,3.3,7.6,.430,.503,2.9,3.5,.843,0.4,3.4,3.8,6.6,1.9,0.3,2.3,2.5,17.6
471,Gabe Vincent\vincega01,PG,23,MIA,4,0,10.3,1.0,4.8,.211,1.0,4.0,.250,0.0,0.8,.000,.316,0.0,0.0,,0.0,0.8,0.8,0.8,0.3,0.0,0.0,0.5,3.0
472,Noah Vonleh\vonleno01,C-PF,24,TOT,32,1,11.3,1.6,2.8,.562,0.1,0.5,.200,1.5,2.3,.635,.579,0.8,0.9,.800,1.1,2.7,3.8,0.8,0.3,0.2,0.7,1.2,4.0
472,Noah Vonleh\vonleno01,C,24,MIN,29,1,12.0,1.6,3.0,.547,0.1,0.5,.143,1.6,2.5,.625,.558,0.8,1.0,.821,1.2,2.8,4.0,0.9,0.4,0.2,0.7,1.2,4.1
472,Noah Vonleh\vonleno01,PF,24,DEN,3,0,5.3,1.0,1.0,1.000,0.3,0.3,1.000,0.7,0.7,1.000,1.167,0.3,0.7,.500,0.7,1.3,2.0,0.3,0.0,0.0,0.7,0.7,2.7
473,Nikola Vučević\vucevni01,C,29,ORL,48,48,32.3,7.8,16.8,.464,1.6,4.8,.330,6.2,12.0,.517,.511,2.0,2.6,.770,2.5,8.3,10.8,3.7,0.9,0.9,1.4,2.3,19.2
474,Dean Wade\wadede01,PF,23,CLE,10,0,5.4,0.7,1.0,.700,0.2,0.3,.667,0.5,0.7,.714,.800,0.0,0.1,.000,0.2,1.4,1.6,0.1,0.2,0.3,0.3,0.7,1.6
475,Moritz Wagner\wagnemo01,C,22,WAS,31,4,19.5,3.8,6.7,.575,0.7,2.1,.354,3.1,4.6,.676,.630,1.8,2.3,.800,1.3,4.2,5.5,1.4,0.6,0.5,1.6,3.6,10.2
476,Dion Waiters\waitedi01,SG,28,MIA,3,0,14.0,3.3,8.7,.385,2.7,5.7,.471,0.7,3.0,.222,.538,0.0,0.3,.000,0.0,3.7,3.7,1.0,0.0,0.7,1.0,1.7,9.3
477,Kemba Walker\walkeke02,PG,29,BOS,46,46,32.2,7.2,16.8,.429,3.4,8.7,.388,3.8,8.1,.474,.530,3.9,4.5,.866,0.7,3.4,4.1,5.0,1.0,0.5,2.1,1.6,21.8
478,Lonnie Walker\walkelo01,SG,21,SAS,49,4,14.2,2.2,5.1,.436,0.5,1.3,.400,1.7,3.8,.449,.488,0.8,1.1,.717,0.4,1.7,2.1,0.8,0.5,0.2,0.6,1.3,5.8
479,Tyrone Wallace\wallaty01,SG,25,ATL,14,0,11.4,1.0,3.1,.318,0.1,1.1,.067,0.9,2.1,.448,.330,0.8,1.2,.647,0.2,1.4,1.6,0.9,0.5,0.1,0.7,1.4,2.9
480,Taurean Waller-Prince\princta02,SF,25,BRK,58,58,29.4,4.5,11.6,.387,2.4,6.8,.354,2.1,4.8,.433,.491,1.0,1.3,.776,0.8,5.3,6.0,1.9,0.9,0.4,2.0,2.4,12.4
481,Derrick Walton\waltode01,PG,24,TOT,25,1,9.4,0.7,1.5,.447,0.4,0.9,.391,0.3,0.6,.533,.566,0.3,0.4,.778,0.1,0.6,0.6,1.0,0.2,0.0,0.2,0.8,2.0
481,Derrick Walton\waltode01,PG,24,LAC,23,1,9.7,0.7,1.6,.472,0.4,0.9,.429,0.3,0.7,.533,.597,0.3,0.4,.778,0.1,0.6,0.7,1.0,0.2,0.0,0.2,0.8,2.2
481,Derrick Walton\waltode01,PG,24,DET,2,0,6.5,0.0,1.0,.000,0.0,1.0,.000,0.0,0.0,,.000,0.0,0.0,,0.0,0.5,0.5,1.5,0.5,0.0,0.0,0.0,0.0
482,Brad Wanamaker\wanambr01,PG,30,BOS,57,0,19.1,2.2,5.1,.428,0.6,1.4,.395,1.6,3.7,.441,.483,1.7,1.9,.925,0.3,1.7,2.0,2.7,0.8,0.2,1.1,1.9,6.7
483,T.J. Warren\warretj01,SF,26,IND,56,56,32.3,7.4,14.0,.527,1.1,3.0,.373,6.3,11.1,.568,.566,2.5,3.1,.806,0.9,2.9,3.8,1.4,1.2,0.5,1.2,2.7,18.4
484,P.J. Washington\washipj01,PF,21,CHO,52,51,30.3,4.5,9.9,.458,1.4,3.6,.380,3.2,6.3,.503,.527,1.5,2.3,.642,1.0,4.5,5.5,2.1,0.9,0.8,1.6,2.7,11.9
485,Yuta Watanabe\watanyu01,SG,25,MEM,11,0,6.4,0.6,1.8,.350,0.2,0.5,.400,0.5,1.4,.333,.400,0.2,0.5,.333,0.2,0.8,1.0,0.3,0.1,0.1,0.1,0.6,1.6
486,Tremont Waters\watertr01,PG,22,BOS,9,0,8.1,1.1,3.1,.357,0.2,1.7,.133,0.9,1.4,.615,.393,0.7,0.7,1.000,0.0,0.8,0.8,1.1,0.6,0.2,0.9,1.1,3.1
487,Paul Watson\watsopa01,SF-SG,25,TOT,5,0,5.0,0.0,1.6,.000,0.0,0.8,.000,0.0,0.8,.000,.000,0.2,0.4,.500,0.0,0.8,0.8,1.0,0.2,0.2,0.0,0.2,0.2
487,Paul Watson\watsopa01,SG,25,ATL,2,0,8.5,0.0,3.5,.000,0.0,1.5,.000,0.0,2.0,.000,.000,0.0,0.0,,0.0,1.0,1.0,1.5,0.5,0.0,0.0,0.5,0.0
487,Paul Watson\watsopa01,SF,25,TOR,3,0,2.7,0.0,0.3,.000,0.0,0.3,.000,0.0,0.0,,.000,0.3,0.7,.500,0.0,0.7,0.7,0.7,0.0,0.3,0.0,0.0,0.3
488,Quinndary Weatherspoon\weathqu01,SG,23,SAS,1,0,4.0,0.0,1.0,.000,0.0,0.0,,0.0,1.0,.000,.000,0.0,0.0,,0.0,0.0,0.0,0.0,0.0,0.0,0.0,0.0,0.0
489,Russell Westbrook\westbru01,PG,31,HOU,48,48,35.9,10.7,22.7,.470,1.0,3.9,.249,9.7,18.8,.516,.491,5.0,6.4,.787,1.7,6.3,7.9,7.2,1.6,0.3,4.3,3.6,27.3
490,Coby White\whiteco01,SG,19,CHI,59,0,24.9,4.4,11.4,.387,2.0,5.5,.356,2.5,5.9,.417,.473,1.5,1.9,.777,0.5,3.1,3.5,2.4,0.7,0.1,1.6,1.8,12.3
491,Derrick White\whitede01,SG,25,SAS,55,11,23.9,3.4,7.6,.454,0.9,2.6,.355,2.5,5.0,.505,.514,2.3,2.7,.846,0.5,2.6,3.1,3.3,0.6,0.8,1.1,2.1,10.1
492,Hassan Whiteside\whiteha01,C,30,POR,55,55,31.1,6.7,10.9,.611,0.1,0.1,.600,6.6,10.8,.611,.614,2.5,3.7,.692,4.0,10.2,14.2,1.2,0.4,3.1,1.9,3.0,15.9
493,Andrew Wiggins\wiggian01,SF-SG,24,TOT,48,48,34.3,8.2,18.3,.448,2.1,6.3,.339,6.1,12.0,.505,.506,3.5,4.9,.722,1.2,3.8,5.0,3.6,0.8,0.9,2.5,2.3,22.0
493,Andrew Wiggins\wiggian01,SF,24,MIN,42,42,34.6,8.4,18.8,.444,2.2,6.5,.331,6.2,12.3,.505,.502,3.5,4.9,.720,1.1,4.1,5.2,3.7,0.7,0.9,2.5,2.4,22.4
493,Andrew Wiggins\wiggian01,SG,24,GSW,6,6,32.2,7.0,14.5,.483,1.8,4.3,.423,5.2,10.2,.508,.546,3.3,4.5,.741,1.3,2.2,3.5,2.8,1.5,1.5,2.0,1.8,19.2
494,Grant Williams\willigr01,PF,21,BOS,56,4,15.6,1.3,3.1,.419,0.4,1.3,.267,0.9,1.7,.536,.477,0.7,0.9,.725,1.0,1.7,2.7,1.0,0.4,0.6,0.8,2.5,3.6
495,Johnathan Williams\willijo04,C,24,WAS,11,5,12.3,1.5,2.3,.640,0.0,0.2,.000,1.5,2.1,.696,.640,0.3,0.5,.600,1.4,2.5,3.9,0.5,0.1,0.5,0.4,1.0,3.2
496,Kenrich Williams\willike04,PF,25,NOP,35,18,22.3,1.4,4.1,.343,0.7,2.7,.260,0.7,1.3,.511,.430,0.3,0.7,.375,1.4,3.7,5.1,1.5,0.7,0.6,0.6,2.3,3.8
497,Lou Williams\willilo02,SG,33,LAC,56,8,29.6,6.3,15.1,.415,1.8,5.1,.360,4.4,10.1,.442,.475,4.7,5.5,.866,0.5,2.6,3.1,5.8,0.7,0.2,3.0,1.4,19.1
498,Marvin Williams\willima02,PF,33,TOT,47,1,19.4,2.2,5.0,.447,1.1,2.9,.370,1.2,2.1,.550,.553,1.0,1.1,.865,0.4,2.4,2.8,1.0,0.7,0.5,0.6,1.7,6.5
498,Marvin Williams\willima02,PF,33,CHO,41,1,19.7,2.3,5.1,.448,1.1,2.9,.376,1.2,2.3,.538,.552,1.0,1.2,.860,0.4,2.3,2.7,1.0,0.6,0.5,0.6,1.7,6.7
498,Marvin Williams\willima02,PF,33,MIL,6,0,17.0,1.8,4.2,.440,1.0,3.0,.333,0.8,1.2,.714,.560,0.3,0.3,1.000,0.7,3.3,4.0,1.0,1.3,0.2,0.2,1.8,5.0
499,Robert Williams\williro04,C,22,BOS,19,1,14.2,1.7,2.6,.673,0.0,0.0,,1.7,2.6,.673,.673,0.4,0.7,.571,1.2,3.4,4.6,1.1,0.9,1.1,0.8,1.8,3.9
500,Nigel Williams-Goss\willini01,PG,25,UTA,9,0,3.1,0.1,0.8,.143,0.0,0.2,.000,0.1,0.6,.200,.143,0.2,0.2,1.000,0.2,0.3,0.6,0.6,0.1,0.1,0.2,0.2,0.4
501,Zion Williamson\willizi01,PF,19,NOP,14,14,28.6,8.9,15.4,.581,0.4,0.9,.417,8.6,14.5,.591,.593,5.1,8.2,.626,3.2,3.6,6.8,2.3,0.8,0.4,2.6,1.6,23.4
502,D.J. Wilson\wilsodj01,PF,23,MIL,29,0,8.8,1.2,3.1,.400,0.4,1.7,.250,0.8,1.4,.571,.467,0.2,0.3,.667,0.3,1.7,2.0,0.7,0.1,0.2,0.5,0.8,3.1
503,Justise Winslow\winslju01,SF,23,MIA,11,5,32.0,4.5,11.7,.388,0.5,2.5,.222,4.0,9.3,.431,.411,1.6,2.5,.667,1.5,5.2,6.6,4.0,0.6,0.5,2.2,3.5,11.3
504,Christian Wood\woodch01,PF,24,DET,57,7,20.0,4.1,7.4,.556,0.8,2.1,.376,3.3,5.3,.625,.608,2.9,3.8,.753,1.6,4.4,6.0,0.9,0.5,0.9,1.2,1.5,11.9
505,Delon Wright\wrighde01,SG,27,DAL,58,4,21.2,2.8,5.9,.472,0.6,1.7,.370,2.1,4.2,.515,.526,1.1,1.4,.786,1.1,2.7,3.8,3.3,1.0,0.3,0.9,1.3,7.3
506,Justin Wright-Foreman\wrighju02,PG,22,UTA,1,0,2.0,0.0,0.0,,0.0,0.0,,0.0,0.0,,,0.0,0.0,,0.0,0.0,0.0,0.0,0.0,0.0,0.0,0.0,0.0
507,Thaddeus Young\youngth01,PF,31,CHI,58,14,24.5,4.1,9.2,.448,1.2,3.4,.369,2.9,5.9,.493,.515,0.6,1.1,.590,1.4,3.4,4.8,1.7,1.3,0.3,1.6,2.1,10.1
508,Trae Young\youngtr01,PG,21,ATL,55,55,35.4,9.2,20.9,.442,3.5,9.5,.367,5.7,11.4,.504,.525,8.0,9.3,.859,0.5,3.8,4.3,9.3,1.1,0.1,4.8,1.7,29.9
509,Cody Zeller\zelleco01,C,27,CHO,53,34,23.1,4.4,8.5,.517,0.3,1.4,.236,4.1,7.1,.570,.536,2.0,2.9,.679,2.8,4.3,7.1,1.5,0.7,0.5,1.2,2.5,11.1
510,Ante Žižić\zizican01,C,23,CLE,19,0,9.7,1.9,3.1,.610,0.0,0.0,,1.9,3.1,.610,.610,0.7,0.8,.875,0.7,2.4,3.2,0.3,0.4,0.3,0.5,1.2,4.5
511,Ivica Zubac\zubaciv01,C,22,LAC,59,57,18.0,3.2,5.4,.592,0.0,0.0,.000,3.2,5.4,.596,.592,1.6,2.1,.746,2.6,4.5,7.2,1.1,0.2,0.9,0.8,2.3,8.0